dataset,classifier,detector,cumulative_accuracy,cumulative_f1,windowed_accuracy,windowed_f1,execution_time,cpu_usage,memory_usage,num_changes
Electricity,HoeffdingTree,CUSUM,83.91375353107344,83.53476898405448,"[82.33995584988962, 90.06622516556291, 90.72847682119205, 94.03973509933775, 83.6644591611479, 85.20971302428256, 87.41721854304636, 91.16997792494482, 93.59823399558499, 88.52097130242825, 88.52097130242825, 88.0794701986755, 84.54746136865342, 82.11920529801324, 88.30022075055187, 87.85871964679912, 84.32671081677704, 81.67770419426049, 82.33995584988962, 88.30022075055187, 77.2626931567329, 85.8719646799117, 88.52097130242825, 86.9757174392936, 86.75496688741721, 87.41721854304636, 75.93818984547461, 86.53421633554083, 87.63796909492274, 90.50772626931567, 88.96247240618102, 88.30022075055187, 87.63796909492274, 89.84547461368653, 85.65121412803532, 85.65121412803532, 83.44370860927152, 86.31346578366445, 85.43046357615894, 83.00220750551877, 89.62472406181016, 95.36423841059603, 71.30242825607064, 84.32671081677704, 84.32671081677704, 87.19646799116998, 90.72847682119205, 81.67770419426049, 88.30022075055187, 83.00220750551877, 78.80794701986756, 80.5739514348786, 73.9514348785872, 79.24944812362031, 70.19867549668875, 78.1456953642384, 92.27373068432672, 86.31346578366445, 80.3532008830022, 89.40397350993378, 73.9514348785872, 76.60044150110376, 85.65121412803532, 67.3289183222958, 75.27593818984548, 84.10596026490066, 77.70419426048565, 86.75496688741721, 72.84768211920529, 68.21192052980133, 75.27593818984548, 84.10596026490066, 84.10596026490066, 83.00220750551877, 83.88520971302428, 72.18543046357617, 73.73068432671081, 81.23620309050773, 84.76821192052981, 85.20971302428256, 75.93818984547461, 87.85871964679912, 85.43046357615894, 81.01545253863135, 69.75717439293598, 88.0794701986755, 90.94922737306842, 88.52097130242825, 89.84547461368653, 88.96247240618102, 90.72847682119205, 86.53421633554083, 90.28697571743929, 90.72847682119205, 80.79470198675497, 86.53421633554083, 84.98896247240619, 74.83443708609272, 80.79470198675497, 77.2626931567329]","[82.80437598370682, 90.12454845806518, 88.73406783364618, 93.85486362420082, 82.46101899150938, 86.28339553880406, 86.85572485161916, 91.01471366813063, 92.86102868338216, 87.58728778627855, 87.33613562938712, 87.95413957157588, 83.58790245440098, 82.23798346663065, 87.39794609503409, 87.7328777263755, 84.02658098335579, 83.48693323580068, 84.10603878378257, 88.54810663067228, 78.72370789740637, 85.96473720418457, 88.63450055739351, 87.66643848653572, 85.85832087644414, 87.53617040743967, 76.77933495831455, 86.83643341740603, 87.49860071894133, 90.63197996088044, 88.96032247543077, 88.19973936921272, 87.56034870548206, 89.62075932385395, 85.3126821366618, 85.41452940749207, 80.95701994669425, 84.7766859668927, 85.45278975701011, 82.05093862085316, 88.55595869593745, 94.88883639182814, 70.87448573230458, 84.41896945082215, 84.86402765740621, 86.91189341556229, 89.34438054925499, 76.0787868245526, 86.17058951538344, 82.56210276916778, 78.63291537282339, 78.80620228502386, 72.48393315571433, 77.34695857226298, 69.62961842150547, 78.54237889393931, 92.18256774670974, 85.34350411436121, 80.15859732278027, 89.41544055610741, 76.31381146725516, 72.2757078200031, 84.30908818934643, 64.5955431560447, 72.14248979197313, 84.41211977512467, 74.30565549770168, 85.91081355016381, 71.0140923014378, 68.0829317712075, 75.29931455448933, 84.09177935163032, 84.79866181928077, 84.11887232798817, 81.41859462672957, 72.39861892212758, 70.35220098268587, 81.431914920673, 80.81264969614182, 84.37901679283965, 73.91964599217022, 88.30522980160261, 82.66486544389183, 79.52443279922402, 68.82656843208245, 88.32689322178595, 90.99170845125417, 88.39653221689193, 89.75276741414663, 89.02660017851834, 90.46766105843636, 86.5546222420809, 90.99514829353603, 90.57031480563538, 81.27990430622009, 86.50440118753795, 82.26805573858236, 74.22057131622272, 80.4847466399701, 77.40761160060836]",1.8538696765899658,0.0,613.234375,11
Electricity,HoeffdingTree,PageHinkley,82.29608050847457,81.79704616298714,"[82.33995584988962, 90.06622516556291, 93.37748344370861, 91.3907284768212, 84.10596026490066, 86.53421633554083, 87.19646799116998, 93.15673289183223, 90.94922737306842, 83.6644591611479, 82.11920529801324, 76.82119205298014, 86.75496688741721, 83.88520971302428, 86.53421633554083, 83.88520971302428, 79.69094922737307, 86.53421633554083, 83.6644591611479, 91.61147902869757, 83.6644591611479, 83.00220750551877, 90.72847682119205, 93.15673289183223, 82.11920529801324, 90.06622516556291, 81.23620309050773, 81.23620309050773, 92.71523178807946, 88.96247240618102, 86.9757174392936, 83.00220750551877, 82.560706401766, 81.01545253863135, 64.45916114790286, 82.78145695364239, 87.63796909492274, 81.89845474613686, 88.30022075055187, 86.75496688741721, 87.63796909492274, 93.37748344370861, 78.36644591611478, 89.1832229580574, 79.91169977924945, 83.00220750551877, 78.1456953642384, 86.53421633554083, 85.43046357615894, 78.80794701986756, 65.34216335540839, 75.93818984547461, 82.78145695364239, 86.9757174392936, 75.71743929359823, 79.24944812362031, 73.28918322295806, 85.65121412803532, 87.19646799116998, 90.06622516556291, 79.24944812362031, 79.91169977924945, 80.3532008830022, 72.18543046357617, 75.27593818984548, 71.7439293598234, 70.86092715231787, 74.61368653421634, 77.04194260485652, 74.83443708609272, 70.86092715231787, 66.00441501103754, 76.37969094922738, 68.65342163355407, 69.5364238410596, 60.48565121412803, 68.65342163355407, 72.40618101545255, 77.48344370860927, 72.84768211920529, 73.50993377483444, 88.52097130242825, 86.09271523178808, 83.6644591611479, 79.91169977924945, 81.23620309050773, 89.40397350993378, 88.0794701986755, 90.94922737306842, 90.06622516556291, 90.06622516556291, 87.41721854304636, 80.79470198675497, 84.76821192052981, 82.33995584988962, 86.9757174392936, 83.22295805739515, 85.8719646799117, 88.74172185430463, 88.96247240618102]","[82.80437598370682, 90.12454845806518, 91.91436221419332, 90.68100980274025, 82.61462741211201, 86.75150019027741, 87.20146599791892, 93.0697557577651, 89.76057419064132, 82.14859857161657, 81.01043488112515, 76.60081399053489, 86.82142344474815, 83.80927315322272, 85.94390533006327, 84.47344977136127, 81.31390254506938, 87.55969834956244, 84.57341468322073, 91.63969393559822, 84.71661395744964, 82.95476867568746, 90.57375921281641, 93.0108361966229, 80.9468352463806, 90.05968898720033, 80.35431830173262, 82.86193062425218, 92.63695400364651, 89.3822641724166, 86.98530065990812, 83.44894731250221, 83.31155533940095, 80.42174376200992, 66.4870006341154, 82.36299672651482, 86.10118717745107, 78.4951759505703, 88.6530493936944, 86.38214307636468, 86.81000871983645, 92.69594905745396, 80.2576434511646, 89.26238678745514, 81.26479393749392, 82.49553073632107, 78.23975269456835, 82.65041980043144, 83.07698818231106, 79.61220406142264, 67.48337869999476, 73.43098209942764, 82.15310328107321, 84.67443560868595, 75.31365283158806, 78.9459731538895, 72.78846670614722, 84.78694738775562, 87.27280840756765, 90.42803219024907, 79.18125107149717, 77.5873604651049, 78.1066422182567, 70.81529139327532, 73.53487440508522, 73.74536965995866, 67.83224307109657, 76.83228450815135, 76.24391742229275, 75.53217319925224, 68.67938789833828, 71.4646324613641, 75.93820144172547, 69.69156660620018, 71.28961037466392, 62.073064839128456, 64.7165506516759, 71.67825319183214, 72.66616322779531, 72.66226029010465, 71.09800164446463, 89.12951275595303, 83.06533475105378, 82.45645472737164, 79.91258912385962, 81.18414119971432, 89.45197643422273, 87.94010022572377, 90.82286123921223, 90.03908024170966, 89.94377839939311, 87.66866204348862, 83.1022704623263, 84.52711694037276, 82.30284281233897, 87.2556940134394, 80.1020197332128, 85.66746436212381, 88.71335718618184, 89.80603771889353]",1.9050390720367432,0.0,606.84765625,3
Electricity,HoeffdingTree,DDM,82.33580508474576,81.88077889044374,"[84.98896247240619, 89.62472406181016, 93.37748344370861, 90.06622516556291, 78.80794701986756, 85.65121412803532, 84.98896247240619, 92.27373068432672, 94.26048565121413, 84.32671081677704, 86.9757174392936, 85.20971302428256, 91.3907284768212, 88.96247240618102, 86.53421633554083, 81.89845474613686, 84.98896247240619, 92.05298013245033, 88.96247240618102, 87.63796909492274, 77.2626931567329, 88.74172185430463, 91.83222958057395, 90.72847682119205, 85.20971302428256, 85.65121412803532, 82.78145695364239, 88.96247240618102, 83.00220750551877, 86.31346578366445, 92.93598233995584, 83.6644591611479, 89.40397350993378, 88.52097130242825, 81.89845474613686, 86.75496688741721, 75.71743929359823, 78.1456953642384, 81.89845474613686, 88.0794701986755, 87.63796909492274, 92.05298013245033, 60.70640176600441, 81.89845474613686, 82.33995584988962, 77.2626931567329, 89.62472406181016, 81.67770419426049, 88.0794701986755, 82.33995584988962, 78.80794701986756, 80.5739514348786, 73.9514348785872, 79.24944812362031, 70.19867549668875, 78.1456953642384, 92.27373068432672, 86.31346578366445, 80.3532008830022, 89.40397350993378, 75.49668874172185, 79.47019867549669, 77.04194260485652, 76.82119205298014, 75.49668874172185, 75.05518763796908, 73.06843267108167, 78.58719646799118, 74.61368653421634, 76.37969094922738, 74.61368653421634, 76.15894039735099, 76.15894039735099, 66.88741721854305, 69.5364238410596, 60.9271523178808, 68.87417218543047, 67.54966887417218, 82.11920529801324, 86.53421633554083, 65.12141280353201, 82.11920529801324, 85.20971302428256, 77.92494481236203, 80.5739514348786, 75.49668874172185, 86.31346578366445, 87.85871964679912, 90.50772626931567, 89.1832229580574, 92.71523178807946, 86.9757174392936, 83.22295805739515, 84.10596026490066, 86.09271523178808, 82.33995584988962, 77.2626931567329, 80.3532008830022, 80.3532008830022, 75.05518763796908]","[85.41178616970414, 89.69540175681291, 92.82050788421347, 90.3380674993215, 76.75667969161877, 85.61422433355398, 84.5644001058976, 92.18739813943624, 93.75453633059212, 83.00533624866114, 85.82753212743435, 85.05956490115776, 91.05944344041094, 88.82788046024608, 85.77709223791288, 81.71022978366665, 84.67512631574755, 92.02870214679545, 89.11600710742135, 87.9884451721104, 78.55394340554005, 88.85825379452139, 91.96660182526263, 90.71484048027982, 84.55963089912333, 85.67480845574626, 82.85014973944578, 89.0032287833083, 83.223454126889, 86.31853000497502, 92.93741814931587, 83.58607231725746, 89.0340655887726, 88.57637090771888, 81.07572484758973, 86.63361847203502, 71.91810305881052, 75.39558664720151, 81.79142116257695, 87.5800533979026, 86.40162068713992, 91.408636337799, 64.0621905578875, 82.01010925145714, 82.37589914321732, 76.54276462315028, 87.87665646442852, 76.0787868245526, 85.90482495289442, 81.87080141227544, 78.63291537282339, 78.80620228502386, 72.46335556622569, 77.34695857226298, 69.62961842150547, 78.54237889393931, 92.18256774670974, 85.34350411436121, 80.15859732278027, 89.41544055610741, 76.98396872979404, 76.23216001473911, 74.14322543058213, 75.70947889581115, 74.39960870954755, 75.79904516838825, 70.35885399994382, 80.41063071396265, 73.32302588369033, 76.52406205734643, 75.69864487197316, 77.02362100690785, 76.85548701437799, 69.43168246422066, 71.13052287993486, 61.88827094369525, 67.89415172770956, 68.12451599241443, 79.1367317025686, 84.91404042501806, 64.61182473523391, 80.86205729674364, 82.30171249487172, 76.14050091105537, 80.61101849878908, 75.70650774797255, 86.31179819089208, 87.7268064475052, 90.38143045657854, 89.06062258442621, 92.64174056123845, 87.00905133542224, 85.26879696030944, 84.31149540000902, 86.25096255473007, 81.92026856512359, 73.47997219237115, 80.25571172307127, 80.03583032641106, 75.45514040978688]",2.0276546478271484,0.0,619.78515625,70
Electricity,HoeffdingTree,HDDMAverage,81.84586864406779,81.30295692885636,"[81.67770419426049, 85.65121412803532, 88.30022075055187, 91.83222958057395, 81.01545253863135, 85.65121412803532, 85.8719646799117, 87.63796909492274, 92.49448123620309, 83.44370860927152, 84.98896247240619, 84.10596026490066, 85.8719646799117, 86.09271523178808, 83.22295805739515, 81.67770419426049, 82.78145695364239, 83.6644591611479, 83.22295805739515, 86.09271523178808, 80.5739514348786, 84.54746136865342, 79.24944812362031, 83.88520971302428, 84.32671081677704, 83.22295805739515, 84.54746136865342, 84.10596026490066, 82.33995584988962, 77.92494481236203, 64.23841059602648, 78.1456953642384, 84.54746136865342, 83.44370860927152, 76.82119205298014, 79.47019867549669, 74.39293598233996, 81.23620309050773, 78.80794701986756, 84.10596026490066, 87.19646799116998, 88.30022075055187, 77.2626931567329, 79.47019867549669, 78.36644591611478, 76.60044150110376, 86.75496688741721, 81.01545253863135, 82.11920529801324, 86.75496688741721, 77.48344370860927, 80.13245033112582, 74.83443708609272, 84.76821192052981, 78.1456953642384, 79.02869757174393, 83.6644591611479, 82.11920529801324, 82.560706401766, 80.79470198675497, 81.23620309050773, 77.70419426048565, 81.23620309050773, 83.00220750551877, 79.91169977924945, 80.5739514348786, 80.5739514348786, 83.44370860927152, 73.9514348785872, 77.2626931567329, 77.04194260485652, 75.93818984547461, 75.93818984547461, 85.20971302428256, 83.6644591611479, 80.5739514348786, 78.1456953642384, 86.9757174392936, 84.32671081677704, 86.75496688741721, 75.05518763796908, 75.05518763796908, 85.20971302428256, 80.13245033112582, 81.45695364238411, 73.9514348785872, 79.69094922737307, 86.9757174392936, 81.23620309050773, 82.560706401766, 88.96247240618102, 85.65121412803532, 86.75496688741721, 81.01545253863135, 84.54746136865342, 81.45695364238411, 81.67770419426049, 73.06843267108167, 82.78145695364239, 81.01545253863135]","[81.60549358889153, 85.64375097370635, 85.75366315073327, 90.9146651926661, 79.0216769660159, 85.56381804777938, 85.3110761170081, 87.39407594793181, 91.74314030196446, 82.899050068841, 83.10746578996277, 83.94983568892263, 85.10358892343208, 85.9250581247893, 81.81102708403373, 81.29968319500756, 82.35131500352685, 83.61419867878276, 83.3320584951393, 86.16038852289697, 80.59646748955558, 84.91637009257843, 79.67809461658922, 83.49610882021237, 83.20045979571556, 83.21288790756061, 83.87463810853674, 84.09015687382082, 82.20060907568343, 78.28803965720785, 65.66630697790534, 77.93685349793273, 83.96666651890092, 82.96439996548287, 75.72510599987228, 78.9247863829869, 69.7096425123626, 77.7597565598484, 78.57115874708882, 83.23748590152142, 85.95054345492973, 87.10800857886136, 77.27129496867592, 79.50847114589045, 78.46685158367363, 76.0637223052106, 84.04376755691267, 75.11669575914011, 79.19290284077691, 86.58926379504459, 77.87288373753765, 78.70703473701904, 73.57462076960903, 81.44688665728918, 77.76057583635783, 79.08843315203212, 83.23147595583498, 80.7473347199943, 82.60255489079951, 80.98158524678809, 80.7602468132731, 73.78948476898356, 79.27130281729343, 82.05164576473919, 77.78962371776048, 80.30595560218103, 77.82220190248592, 82.2500404036182, 72.35175975304114, 77.14900627485105, 72.61325210950447, 76.55819548323396, 74.31739521721107, 85.284979487635, 81.33671639749373, 80.97575231810681, 76.28472721846094, 85.52862304149464, 79.93168329208154, 84.20920058125985, 72.65009382820189, 74.15457064018683, 82.02160867050749, 78.79180031497164, 80.88793770733659, 73.8825470118193, 79.77860534255795, 86.81154017058239, 81.2070913888243, 82.35590490521507, 88.70212274147995, 85.71753735278376, 87.03569843967985, 80.81648680829136, 84.72028763979725, 80.78833322423212, 78.34373695739006, 72.36662110425756, 82.398662915242, 80.86850915952917]",2.157212257385254,0.0,649.0703125,438
Electricity,HoeffdingTree,HDDMWeighted,82.8169138418079,82.33066035614173,"[84.10596026490066, 86.09271523178808, 89.62472406181016, 94.48123620309052, 85.8719646799117, 83.00220750551877, 83.44370860927152, 89.40397350993378, 94.70198675496688, 89.84547461368653, 87.19646799116998, 85.65121412803532, 86.53421633554083, 82.78145695364239, 88.0794701986755, 79.91169977924945, 84.98896247240619, 85.43046357615894, 88.30022075055187, 88.74172185430463, 84.76821192052981, 81.23620309050773, 88.0794701986755, 82.560706401766, 84.32671081677704, 82.33995584988962, 83.00220750551877, 80.13245033112582, 84.76821192052981, 85.65121412803532, 86.09271523178808, 81.23620309050773, 87.85871964679912, 87.41721854304636, 83.44370860927152, 84.98896247240619, 79.47019867549669, 81.45695364238411, 85.20971302428256, 88.96247240618102, 83.6644591611479, 90.28697571743929, 76.37969094922738, 76.15894039735099, 82.33995584988962, 70.6401766004415, 87.41721854304636, 79.91169977924945, 82.560706401766, 86.53421633554083, 74.17218543046357, 76.37969094922738, 71.30242825607064, 82.560706401766, 81.01545253863135, 76.82119205298014, 88.74172185430463, 80.79470198675497, 85.20971302428256, 84.54746136865342, 78.58719646799118, 75.93818984547461, 84.54746136865342, 77.04194260485652, 80.79470198675497, 84.32671081677704, 77.48344370860927, 81.67770419426049, 70.6401766004415, 79.47019867549669, 72.84768211920529, 79.69094922737307, 79.02869757174393, 84.98896247240619, 75.93818984547461, 70.41942604856513, 76.37969094922738, 84.32671081677704, 85.20971302428256, 84.32671081677704, 81.23620309050773, 86.75496688741721, 85.65121412803532, 83.00220750551877, 80.79470198675497, 80.5739514348786, 79.47019867549669, 88.30022075055187, 88.0794701986755, 82.33995584988962, 85.20971302428256, 78.80794701986756, 85.65121412803532, 83.6644591611479, 85.20971302428256, 79.69094922737307, 83.00220750551877, 71.30242825607064, 86.9757174392936, 83.6644591611479]","[84.52414115747567, 86.21584040516001, 88.26799681074242, 94.10845866661084, 84.78844492390529, 82.9659673763979, 83.6892519541901, 89.196066086646, 94.19712748040703, 89.47061917011642, 86.0387936461401, 85.61924701440049, 85.78916877382757, 82.88275860817471, 87.1552159297009, 79.53827084228044, 84.63218695574884, 85.45512199946145, 88.31236436355861, 88.74539472172587, 85.08252066278212, 81.56730942138563, 87.78645574840081, 82.3103181581552, 83.46595921177153, 82.35620488824918, 82.16807347692989, 80.23244512926352, 84.65899131335343, 85.6471552956434, 86.1130070781761, 81.12978851223308, 87.42266498302688, 87.09513173910074, 82.854590536721, 84.69461956887166, 76.32509925478526, 78.92753510144998, 85.05942235860857, 88.40860641712509, 82.84161358555421, 89.37281750127914, 76.57537553982453, 76.30939510499684, 82.45585247831204, 69.46471426972673, 84.76078462350387, 73.29760389771778, 79.22382175927062, 86.46537636134691, 74.23362223110232, 74.01366094354329, 69.94578497939217, 78.81003246249496, 80.83777791698357, 76.86851653522093, 88.5902225275907, 79.28243343673917, 85.07869731175617, 84.52907379041096, 78.04223284086622, 72.1335005910308, 82.91758383139391, 75.62732353855954, 78.67689171154596, 84.08120608971169, 74.03083468667873, 80.18625247678648, 69.1163721375699, 79.37143390733517, 66.59118438730633, 79.76409577523225, 77.95816122178178, 85.22470674172128, 71.45316978015157, 72.41709592071146, 73.25554568869569, 83.6804090352479, 81.2126174196232, 82.82104453769782, 80.65466001038119, 86.48560928482148, 82.89440420437259, 82.20326781153643, 80.80715901537363, 80.96109286030453, 79.5679918745799, 88.15452521962251, 87.91579274506518, 82.33623049592697, 84.75782893748493, 78.81398887725402, 85.69173570465544, 84.09840440351456, 85.13529581345682, 78.97276372927686, 80.12724766333442, 70.70914928015254, 86.76957346645105, 83.55639905505079]",2.0244855880737305,0.0,647.27734375,214
Electricity,HoeffdingTree,ADWIN,83.67761299435028,83.24663321104926,"[82.33995584988962, 90.06622516556291, 94.70198675496688, 90.06622516556291, 78.80794701986756, 85.65121412803532, 84.32671081677704, 91.3907284768212, 96.68874172185431, 89.1832229580574, 89.84547461368653, 83.00220750551877, 87.41721854304636, 83.22295805739515, 88.0794701986755, 85.43046357615894, 88.52097130242825, 88.74172185430463, 88.0794701986755, 90.28697571743929, 83.88520971302428, 88.74172185430463, 93.37748344370861, 87.63796909492274, 87.63796909492274, 86.9757174392936, 84.76821192052981, 88.52097130242825, 87.85871964679912, 91.3907284768212, 93.37748344370861, 88.0794701986755, 94.70198675496688, 87.63796909492274, 82.560706401766, 86.75496688741721, 76.82119205298014, 86.9757174392936, 85.43046357615894, 83.22295805739515, 89.62472406181016, 89.62472406181016, 63.35540838852097, 76.15894039735099, 70.86092715231787, 77.04194260485652, 90.94922737306842, 88.96247240618102, 84.54746136865342, 78.80794701986756, 77.92494481236203, 75.49668874172185, 79.47019867549669, 81.01545253863135, 66.44591611479028, 75.27593818984548, 90.06622516556291, 89.1832229580574, 84.10596026490066, 85.8719646799117, 75.71743929359823, 83.44370860927152, 84.10596026490066, 80.3532008830022, 81.01545253863135, 76.15894039735099, 76.60044150110376, 81.89845474613686, 77.04194260485652, 75.71743929359823, 79.91169977924945, 66.22516556291392, 86.9757174392936, 78.36644591611478, 75.49668874172185, 58.94039735099338, 76.82119205298014, 81.45695364238411, 84.98896247240619, 84.98896247240619, 75.71743929359823, 87.63796909492274, 86.9757174392936, 79.91169977924945, 80.5739514348786, 76.37969094922738, 85.43046357615894, 85.8719646799117, 89.40397350993378, 85.43046357615894, 91.83222958057395, 88.96247240618102, 89.84547461368653, 83.44370860927152, 88.0794701986755, 83.6644591611479, 82.560706401766, 74.61368653421634, 80.3532008830022, 87.85871964679912]","[82.80437598370682, 90.12454845806518, 93.92025629408768, 90.3380674993215, 76.75667969161877, 85.61422433355398, 83.42291237366418, 91.24770370570148, 96.3218848746258, 88.54488506125203, 88.56939825430892, 83.22960522268228, 86.6821536159975, 83.2864810724692, 87.68244317926023, 85.15185702983935, 88.3485608523155, 89.26071285655422, 88.52097812072294, 90.48729787204368, 83.9052446870735, 88.89725466571035, 93.34765665403745, 87.40818050317303, 86.74450517133978, 87.02190745817731, 84.2067147804705, 88.80922371563798, 87.79393814823776, 91.46734711061701, 93.42906429279068, 87.97640626958247, 94.58735758368397, 87.62892503838707, 81.75677544087254, 86.66982751008143, 73.55653336634252, 85.41421667149253, 85.45278975701011, 82.28821676732257, 88.55595869593745, 88.63033964443005, 66.46926306114267, 76.1312690291793, 70.94117575221102, 76.27382279187181, 89.16159342402538, 86.16223747448815, 81.602578472474, 78.18719503411359, 77.76493427635843, 73.04773358090323, 80.78154915017896, 80.15618022298938, 67.25116457328119, 76.13058776314112, 89.86800990610519, 88.4911836584013, 84.90523685194495, 85.87033231605045, 75.20850650288517, 80.93752083743043, 82.39887710069182, 79.28906710818462, 79.50621662500572, 75.71104033319612, 73.27792167956876, 80.74396765744, 76.03335463186544, 75.85635515018711, 78.39068630545549, 68.54683716366796, 86.7958781973652, 80.24801764032529, 71.36223391690868, 58.73172670017682, 73.98203899024529, 81.60261284198786, 81.13304244208905, 84.19376092221721, 73.59730235825931, 88.12261195698929, 84.80930070750726, 78.61105216736784, 80.3195733843652, 76.54481164169292, 85.42864980425404, 85.87948186090337, 89.29578353444938, 85.66581799470111, 91.65127449926939, 89.02835209559102, 90.6905887293489, 84.42697101798692, 88.00440271694386, 83.21462284354837, 79.24315302270145, 73.97913025590286, 80.0060121780262, 88.88912421046713]",2.211132526397705,0.0,607.6328125,47
Electricity,HoeffdingTree,STEPD,83.84313206214689,83.4443250711014,"[84.32671081677704, 85.65121412803532, 90.50772626931567, 92.71523178807946, 84.54746136865342, 88.30022075055187, 88.74172185430463, 89.84547461368653, 92.05298013245033, 87.41721854304636, 85.8719646799117, 82.11920529801324, 87.63796909492274, 85.8719646799117, 85.43046357615894, 86.9757174392936, 84.98896247240619, 82.33995584988962, 83.88520971302428, 84.98896247240619, 85.43046357615894, 85.8719646799117, 85.20971302428256, 84.76821192052981, 82.560706401766, 81.89845474613686, 83.44370860927152, 84.32671081677704, 85.65121412803532, 85.65121412803532, 81.45695364238411, 79.02869757174393, 86.53421633554083, 79.91169977924945, 80.79470198675497, 81.67770419426049, 81.01545253863135, 82.33995584988962, 83.6644591611479, 88.0794701986755, 87.19646799116998, 87.19646799116998, 82.33995584988962, 79.91169977924945, 82.33995584988962, 75.93818984547461, 81.01545253863135, 89.40397350993378, 83.22295805739515, 86.9757174392936, 78.58719646799118, 78.36644591611478, 82.560706401766, 83.44370860927152, 80.3532008830022, 78.58719646799118, 87.63796909492274, 84.32671081677704, 85.43046357615894, 88.52097130242825, 82.78145695364239, 84.32671081677704, 78.80794701986756, 81.67770419426049, 81.67770419426049, 81.89845474613686, 85.43046357615894, 83.44370860927152, 74.39293598233996, 73.9514348785872, 80.13245033112582, 78.1456953642384, 78.1456953642384, 84.10596026490066, 84.10596026490066, 83.00220750551877, 84.32671081677704, 86.31346578366445, 83.88520971302428, 86.31346578366445, 82.560706401766, 80.79470198675497, 85.8719646799117, 83.00220750551877, 84.98896247240619, 84.76821192052981, 83.44370860927152, 86.31346578366445, 88.30022075055187, 81.23620309050773, 87.85871964679912, 86.09271523178808, 86.31346578366445, 84.98896247240619, 82.560706401766, 84.54746136865342, 79.91169977924945, 78.80794701986756, 85.65121412803532, 82.560706401766]","[84.18271370553269, 85.62360924628315, 88.96549080984508, 91.87137322987749, 83.20101417419225, 88.25258657368796, 88.01309390292738, 89.64758913352165, 91.25234128242245, 86.94148564608454, 84.0739567255151, 82.09269849130668, 86.88694476029806, 85.81945661537887, 84.73406088958852, 86.74709134972277, 84.62862202006811, 82.5338599695537, 83.87981732249091, 85.0148205643859, 85.48869224406876, 85.83048695022363, 85.61252737959192, 84.61603819384551, 81.39285703171744, 82.17430667340017, 82.92729875979856, 84.4456373218817, 85.50214122283354, 85.67139191424286, 81.46104729096434, 78.86591136939415, 86.0394570512909, 79.6433649978536, 79.90739666801896, 81.19766727729068, 77.98613157878094, 79.1469563087822, 83.54908674697916, 87.48608318064962, 86.17266248335719, 85.87382154848216, 82.03318140958363, 79.99902590152085, 82.35525093581892, 75.45768201262968, 79.1386524546603, 86.71773195696082, 79.83681813376121, 86.7626393008052, 78.38454507637341, 76.25761839599363, 82.08988867370115, 80.69793692033828, 80.11129766520139, 78.60451321935827, 87.37987458618633, 83.59341965550794, 85.47709149499016, 88.50837138508372, 82.29651812073567, 82.34277361599753, 77.35519883237595, 80.92860614038582, 79.71024679336249, 81.59990825448014, 83.65582879619909, 82.0946247857782, 72.97849246158883, 73.90835344241049, 77.65659935642313, 78.18814043442434, 77.49592209329005, 84.09124123166137, 81.66222388707995, 82.93099925954505, 82.82811953330544, 85.13616226221761, 79.61020742778318, 83.7901889631227, 82.04011168474904, 79.59524566740521, 82.95319423371505, 82.01804653558449, 85.08289294113214, 84.84598769933406, 83.48649571479444, 86.26414299809426, 88.14443742190187, 81.49694070824138, 87.69547496487333, 86.09622027091643, 86.31339908775486, 84.97271767230507, 82.55750548120925, 84.05280829340603, 76.9663746664876, 78.6336820284401, 85.51137577222525, 82.42951404177194]",2.8024063110351562,0.0,660.3671875,508
Electricity,HoeffdingTree,None,81.72669491525424,81.25325713658852,"[82.33995584988962, 90.06622516556291, 93.37748344370861, 90.28697571743929, 82.11920529801324, 83.44370860927152, 88.0794701986755, 92.49448123620309, 87.63796909492274, 84.76821192052981, 83.00220750551877, 81.45695364238411, 83.22295805739515, 89.84547461368653, 87.19646799116998, 82.11920529801324, 87.19646799116998, 90.06622516556291, 92.93598233995584, 91.61147902869757, 83.22295805739515, 85.43046357615894, 94.70198675496688, 91.83222958057395, 82.78145695364239, 83.88520971302428, 78.1456953642384, 78.36644591611478, 87.41721854304636, 86.75496688741721, 88.52097130242825, 81.23620309050773, 81.45695364238411, 79.47019867549669, 83.44370860927152, 79.02869757174393, 81.01545253863135, 80.79470198675497, 88.96247240618102, 84.98896247240619, 83.44370860927152, 92.05298013245033, 71.7439293598234, 93.59823399558499, 84.54746136865342, 83.44370860927152, 81.23620309050773, 90.72847682119205, 83.88520971302428, 82.78145695364239, 75.49668874172185, 76.82119205298014, 68.65342163355407, 81.67770419426049, 67.99116997792495, 77.92494481236203, 88.52097130242825, 88.52097130242825, 82.78145695364239, 88.96247240618102, 77.70419426048565, 75.05518763796908, 76.82119205298014, 71.52317880794702, 71.52317880794702, 78.1456953642384, 71.96467991169978, 83.44370860927152, 77.04194260485652, 72.18543046357617, 78.58719646799118, 75.05518763796908, 81.89845474613686, 74.83443708609272, 80.13245033112582, 62.47240618101545, 70.86092715231787, 73.9514348785872, 81.23620309050773, 73.9514348785872, 74.83443708609272, 78.36644591611478, 65.78366445916114, 67.3289183222958, 68.21192052980133, 75.71743929359823, 75.49668874172185, 78.36644591611478, 88.30022075055187, 78.36644591611478, 86.9757174392936, 85.43046357615894, 88.30022075055187, 87.63796909492274, 78.36644591611478, 81.89845474613686, 82.11920529801324, 81.67770419426049, 85.65121412803532, 85.43046357615894]","[82.80437598370682, 90.12454845806518, 91.91436221419332, 90.4266403097019, 80.36860724647323, 84.5735385661243, 87.67406369129024, 92.35773945289549, 86.36539536483639, 83.54633438849511, 82.2360574612503, 81.37127130622879, 83.11001810774292, 90.1563547648986, 86.55689461191596, 82.69729942781181, 86.9024953511494, 90.26282405795662, 93.027678105448, 91.62262221340735, 84.04345130474155, 85.38522541007416, 94.58700841254678, 91.72798225588508, 82.00225367613633, 83.9543503706594, 77.21571688271709, 80.12684353067807, 87.2705965677615, 86.83631250620071, 88.51592618333007, 81.2029053587524, 81.95268814553495, 79.99121461122347, 82.88693545780322, 78.52571566924566, 78.23170036461478, 77.16198647078404, 89.00275629679736, 84.3595178957878, 81.87279913969844, 91.33122902970025, 76.73796654107262, 93.62022757431072, 84.95780318192438, 83.0244671878445, 81.01426943769785, 88.25615658887685, 81.69484983276051, 82.73694331076125, 76.15721186201263, 74.46316931199817, 66.58156505781795, 81.54975334787814, 67.80691654613469, 77.99932665270963, 88.72325144797195, 87.78398617064825, 82.68457599725389, 88.94998081143109, 78.59129382901111, 70.55664380078605, 73.92148544807938, 70.71920704283774, 69.55590676713874, 78.21894791530704, 68.15479247873904, 82.67065671372072, 75.59461563131342, 74.28589039275877, 77.27309810957571, 76.33919463354495, 81.72521369485099, 76.5924425665595, 77.51528567044392, 66.0561182095198, 67.83382034668412, 72.99994637313372, 80.36635999592761, 76.41509420652027, 72.16136065553404, 79.86258554260482, 73.17030961643117, 69.01418814145772, 70.07851103260127, 76.83016714862173, 78.58254623043032, 78.06018069013054, 88.27566507127126, 78.17760402391801, 86.80067903998331, 85.68254347172142, 89.14889957062455, 87.47341206382619, 79.7944690554381, 81.3464348865187, 79.8266797856955, 81.81056205100802, 85.31206517304484, 85.48107793678633]",1.705627679824829,0.0,603.765625,0
Hyper100k,HoeffdingTree,CUSUM,86.847,86.84707903172266,"[86.4, 87.0, 83.6, 85.2, 87.5, 87.0, 84.39999999999999, 83.8, 87.7, 86.7, 87.7, 87.8, 86.8, 89.0, 86.3, 86.8, 86.3, 86.8, 85.6, 87.4, 85.1, 88.7, 86.3, 86.8, 87.5, 85.8, 92.10000000000001, 85.3, 83.6, 86.0, 86.3, 89.9, 86.7, 85.5, 87.5, 87.6, 87.5, 88.0, 87.1, 85.3, 85.8, 87.0, 85.9, 86.8, 87.7, 88.3, 89.0, 85.2, 87.1, 87.4, 87.1, 85.7, 90.8, 84.0, 81.5, 87.1, 88.5, 89.3, 84.7, 80.80000000000001, 84.6, 86.1, 88.1, 86.3, 85.8, 85.8, 84.6, 86.4, 85.39999999999999, 85.7, 86.3, 86.2, 87.1, 88.9, 89.8, 89.1, 86.6, 87.9, 89.1, 88.3, 84.6, 86.2, 88.3, 87.6, 84.89999999999999, 88.4, 86.4, 85.1, 89.4, 86.4, 88.5, 87.1, 86.3, 85.8, 89.0, 87.6, 90.10000000000001, 88.3, 91.10000000000001, 87.4]","[86.41593716141894, 87.01530925676737, 83.60180411908243, 85.17437828086067, 87.50707558714232, 87.03587067845856, 84.3978525495461, 83.77403846153845, 87.70077700854387, 86.70076700843204, 87.71471334979648, 87.82204483112773, 86.82590288217162, 89.03561424569828, 86.29283524720172, 86.79976235199722, 86.29156333227037, 86.82055434259985, 85.5901150447225, 87.40425038452769, 85.11425046210361, 88.69488071603513, 86.29974645219993, 86.8003472013888, 87.4909684695055, 85.7645024178176, 92.08805816376919, 85.31800882003502, 83.62709517883793, 85.98876691696373, 86.3139171308815, 89.90501255219674, 86.74428921427186, 85.50096327028504, 87.48525825226425, 87.60380533837548, 87.4916694147434, 87.99751960451027, 87.10270796554937, 85.30416521231668, 85.81319175264662, 87.00537609231752, 85.87810422646473, 86.78681719567341, 87.69942014614027, 88.29601714132966, 89.01840505637139, 85.20628344018981, 87.1100735398653, 87.39626608622258, 87.01912394445145, 85.69034130744409, 90.79108558310747, 84.08371982035582, 81.5318078640562, 87.09535195215526, 88.5088903815887, 89.29514120521827, 84.67006707303293, 80.77774332819268, 84.608246315511, 86.0950664443334, 88.10076297307542, 86.29984252494665, 85.81477938164714, 85.78933458905989, 84.60603039507455, 86.38913366066912, 85.39149180951631, 85.70795701193494, 86.35040498044792, 86.21191858091399, 87.08845581180876, 88.87980007985489, 89.82906404797143, 89.11496259688761, 86.62409425676593, 87.90169622490612, 89.08886377049775, 88.31463340554865, 84.57583739512941, 86.20447419346536, 88.3252347509092, 87.60146706897605, 84.9101384075514, 88.389904786924, 86.37116137747473, 85.1068787707423, 89.39929756220705, 86.42163589470853, 88.49962539587544, 87.1004614348572, 86.3242787983945, 85.81676341813929, 89.03680348334191, 87.59846618489216, 90.0742734916674, 88.29731604008566, 91.10537989131944, 87.39626608622258]",3.8640940189361572,0.9,612.75,2
Hyper100k,HoeffdingTree,PageHinkley,87.91499999999999,87.914943417537,"[86.4, 87.0, 83.6, 85.2, 87.5, 87.0, 84.39999999999999, 83.8, 87.7, 86.7, 87.7, 87.8, 86.8, 89.0, 86.3, 86.8, 86.3, 86.8, 85.6, 87.4, 85.1, 88.7, 86.3, 86.8, 87.5, 88.2, 89.60000000000001, 88.1, 86.8, 87.5, 88.7, 87.2, 88.0, 86.2, 88.3, 89.9, 88.5, 86.9, 87.9, 87.0, 88.5, 87.9, 89.1, 87.5, 87.9, 87.8, 90.2, 87.4, 88.1, 88.2, 89.0, 89.8, 89.5, 89.3, 89.1, 89.9, 89.3, 88.9, 87.0, 87.2, 88.1, 86.5, 87.7, 87.4, 86.5, 89.1, 89.5, 89.7, 90.0, 87.7, 86.3, 86.2, 85.8, 88.8, 89.60000000000001, 88.4, 86.9, 87.5, 88.7, 90.3, 87.8, 86.7, 90.7, 88.8, 87.2, 90.0, 87.7, 87.8, 90.2, 90.0, 88.2, 87.9, 90.0, 88.2, 88.4, 89.8, 89.0, 88.7, 89.8, 89.3]","[86.41593716141894, 87.01530925676737, 83.60180411908243, 85.17437828086067, 87.50707558714232, 87.03587067845856, 84.3978525495461, 83.77403846153845, 87.70077700854387, 86.70076700843204, 87.71471334979648, 87.82204483112773, 86.82590288217162, 89.03561424569828, 86.29283524720172, 86.79976235199722, 86.29156333227037, 86.82055434259985, 85.5901150447225, 87.40425038452769, 85.11425046210361, 88.69488071603513, 86.29974645219993, 86.8003472013888, 87.4909684695055, 88.17116628251858, 89.58940041387322, 88.11886595023437, 86.79499815598913, 87.4922702147531, 88.70708370115825, 87.2055299978854, 88.02234243110114, 86.20529650974144, 88.2874743604106, 89.93885125451338, 88.49137919204836, 86.89838670718794, 87.91136762079145, 87.00058473596897, 88.50656396652477, 87.90068221926512, 89.08672042686882, 87.5375976911483, 87.91542544942885, 87.80140469930289, 90.20735669613384, 87.39462705853906, 88.09979059671788, 88.19971215355116, 88.93238915998919, 89.7781212173321, 89.49141787794896, 89.29442960513184, 89.10711970476754, 89.91292907129339, 89.29751361215882, 88.89626442207526, 86.97734467990125, 87.21309195522838, 88.09335167174133, 86.49988133360795, 87.70218025883622, 87.40133268363697, 86.5273515927219, 89.15545241740715, 89.49697962507454, 89.68886095492627, 90.01509128430159, 87.70077700854387, 86.30143429921034, 86.20132403185626, 85.78806884475114, 88.79880667928124, 89.62899842612532, 88.41728352484816, 86.84998730318244, 87.49457263892, 88.69174029477492, 90.30217029387433, 87.79217626906745, 86.74365465009204, 90.73230183262152, 88.81519089827556, 87.19724750658851, 89.98878803321762, 87.67512998774218, 87.82724154253756, 90.2032665062073, 90.02268744443121, 88.20182410467807, 87.9145557883134, 89.99423668032786, 88.19803967585787, 88.38460222045907, 89.79738813136163, 89.00321509329838, 88.69600798640167, 89.8063733391398, 89.29771094685753]",4.009814977645874,0.9,608.55859375,0
Hyper100k,HoeffdingTree,DDM,87.91499999999999,87.914943417537,"[86.4, 87.0, 83.6, 85.2, 87.5, 87.0, 84.39999999999999, 83.8, 87.7, 86.7, 87.7, 87.8, 86.8, 89.0, 86.3, 86.8, 86.3, 86.8, 85.6, 87.4, 85.1, 88.7, 86.3, 86.8, 87.5, 88.2, 89.60000000000001, 88.1, 86.8, 87.5, 88.7, 87.2, 88.0, 86.2, 88.3, 89.9, 88.5, 86.9, 87.9, 87.0, 88.5, 87.9, 89.1, 87.5, 87.9, 87.8, 90.2, 87.4, 88.1, 88.2, 89.0, 89.8, 89.5, 89.3, 89.1, 89.9, 89.3, 88.9, 87.0, 87.2, 88.1, 86.5, 87.7, 87.4, 86.5, 89.1, 89.5, 89.7, 90.0, 87.7, 86.3, 86.2, 85.8, 88.8, 89.60000000000001, 88.4, 86.9, 87.5, 88.7, 90.3, 87.8, 86.7, 90.7, 88.8, 87.2, 90.0, 87.7, 87.8, 90.2, 90.0, 88.2, 87.9, 90.0, 88.2, 88.4, 89.8, 89.0, 88.7, 89.8, 89.3]","[86.41593716141894, 87.01530925676737, 83.60180411908243, 85.17437828086067, 87.50707558714232, 87.03587067845856, 84.3978525495461, 83.77403846153845, 87.70077700854387, 86.70076700843204, 87.71471334979648, 87.82204483112773, 86.82590288217162, 89.03561424569828, 86.29283524720172, 86.79976235199722, 86.29156333227037, 86.82055434259985, 85.5901150447225, 87.40425038452769, 85.11425046210361, 88.69488071603513, 86.29974645219993, 86.8003472013888, 87.4909684695055, 88.17116628251858, 89.58940041387322, 88.11886595023437, 86.79499815598913, 87.4922702147531, 88.70708370115825, 87.2055299978854, 88.02234243110114, 86.20529650974144, 88.2874743604106, 89.93885125451338, 88.49137919204836, 86.89838670718794, 87.91136762079145, 87.00058473596897, 88.50656396652477, 87.90068221926512, 89.08672042686882, 87.5375976911483, 87.91542544942885, 87.80140469930289, 90.20735669613384, 87.39462705853906, 88.09979059671788, 88.19971215355116, 88.93238915998919, 89.7781212173321, 89.49141787794896, 89.29442960513184, 89.10711970476754, 89.91292907129339, 89.29751361215882, 88.89626442207526, 86.97734467990125, 87.21309195522838, 88.09335167174133, 86.49988133360795, 87.70218025883622, 87.40133268363697, 86.5273515927219, 89.15545241740715, 89.49697962507454, 89.68886095492627, 90.01509128430159, 87.70077700854387, 86.30143429921034, 86.20132403185626, 85.78806884475114, 88.79880667928124, 89.62899842612532, 88.41728352484816, 86.84998730318244, 87.49457263892, 88.69174029477492, 90.30217029387433, 87.79217626906745, 86.74365465009204, 90.73230183262152, 88.81519089827556, 87.19724750658851, 89.98878803321762, 87.67512998774218, 87.82724154253756, 90.2032665062073, 90.02268744443121, 88.20182410467807, 87.9145557883134, 89.99423668032786, 88.19803967585787, 88.38460222045907, 89.79738813136163, 89.00321509329838, 88.69600798640167, 89.8063733391398, 89.29771094685753]",4.1745617389678955,0.0,593.14453125,0
Hyper100k,HoeffdingTree,HDDMAverage,87.541,87.54171207172557,"[86.4, 87.0, 83.6, 85.2, 87.5, 87.0, 84.39999999999999, 81.6, 87.0, 88.4, 86.7, 83.0, 87.4, 89.3, 89.2, 84.1, 85.7, 86.4, 86.9, 88.9, 88.5, 87.1, 85.5, 86.6, 84.6, 84.7, 86.0, 87.1, 84.6, 86.2, 86.9, 87.5, 87.2, 88.3, 89.0, 89.7, 85.1, 86.6, 88.2, 88.1, 87.4, 86.9, 87.2, 87.9, 86.2, 87.6, 88.8, 86.2, 86.7, 87.4, 87.9, 89.3, 89.2, 89.3, 88.5, 90.0, 89.60000000000001, 88.0, 89.5, 87.2, 88.4, 86.9, 87.5, 86.6, 86.7, 87.1, 88.9, 89.8, 90.10000000000001, 86.8, 87.6, 88.0, 86.5, 88.5, 90.3, 88.3, 86.6, 87.4, 87.0, 88.4, 86.8, 85.6, 89.8, 89.0, 87.7, 89.8, 86.9, 87.7, 90.9, 87.8, 89.3, 88.2, 89.0, 88.6, 88.8, 89.7, 89.3, 88.5, 91.2, 88.1]","[86.41593716141894, 87.01530925676737, 83.60180411908243, 85.17437828086067, 87.50707558714232, 87.03587067845856, 84.3978525495461, 81.56449452663588, 87.06519204912144, 88.40657004820874, 86.70348256281953, 83.0769195199751, 87.39268885976264, 89.33938804837223, 89.19474217110395, 84.15380977416388, 85.69286172387211, 86.43762570628785, 86.88012106050162, 88.91639682773524, 88.49750045468274, 87.11239544622778, 85.48856590997651, 86.60780422101757, 84.62012686062343, 84.70437713030262, 85.98217726489351, 87.09976459600928, 84.61633892049154, 86.19758335629042, 86.89975939586746, 87.50067501909339, 87.2484259539431, 88.32926800447827, 88.98808516150686, 89.71219251016363, 85.10032531803881, 86.62785390885628, 88.20065614119949, 88.09935301009311, 87.39588805912723, 86.89944497641032, 87.18553561620968, 87.90627459332846, 86.18188260202709, 87.60449473518727, 88.78341570638926, 86.22927266398086, 86.71400435432376, 87.39833809327104, 87.83526241020253, 89.27936584730979, 89.18741571401902, 89.29411296299187, 88.50739107441922, 90.02161192386464, 89.59727303150909, 87.99454150352169, 89.48563022619705, 87.20773027753131, 88.39250713990668, 86.89995895091485, 87.51868227984343, 86.62212183828586, 86.70391619352056, 87.16342716914008, 88.8894116982228, 89.78689647580988, 90.10293691446448, 86.807837028101, 87.63541641068034, 88.00136003272814, 86.4902379352507, 88.49611973605063, 90.31068563018661, 88.2974552444076, 86.57038915500446, 87.39817265359747, 86.99927824063126, 88.44054782463124, 86.78023903982047, 85.647272945925, 89.80078415350935, 89.02253665885394, 87.70060105286359, 89.7909860615939, 86.87108528641345, 87.70208189012989, 90.91566112977314, 87.80322992021114, 89.31342880490507, 88.21251420191683, 88.99443169107936, 88.60205019255773, 88.83659118766732, 89.70099661331315, 89.27433716964387, 88.50245211812043, 91.2068719604357, 88.09952536798122]",4.140395879745483,1.0,610.9921875,2
Hyper100k,HoeffdingTree,HDDMWeighted,85.924,85.92405569431378,"[83.6, 87.2, 88.4, 85.7, 84.0, 83.6, 89.5, 80.9, 91.0, 87.1, 83.3, 86.0, 90.0, 89.2, 85.1, 84.0, 88.8, 84.89999999999999, 83.7, 87.6, 84.0, 86.9, 85.0, 83.7, 89.60000000000001, 83.2, 88.3, 85.39999999999999, 87.1, 87.1, 84.0, 86.9, 86.0, 82.5, 87.4, 87.3, 86.2, 87.2, 83.1, 87.0, 86.1, 85.0, 85.9, 81.89999999999999, 85.8, 87.4, 86.8, 85.6, 85.39999999999999, 87.9, 84.1, 86.2, 86.2, 83.6, 86.4, 83.2, 87.5, 86.8, 84.2, 84.8, 85.0, 83.5, 88.5, 82.39999999999999, 82.69999999999999, 83.2, 88.4, 88.0, 90.9, 83.6, 87.9, 84.8, 88.2, 88.5, 87.7, 86.7, 85.3, 88.3, 84.2, 92.80000000000001, 84.2, 84.8, 85.6, 80.0, 86.3, 84.89999999999999, 82.6, 84.5, 91.9, 85.0, 88.9, 80.80000000000001, 83.2, 89.4, 84.1, 89.2, 86.0, 85.2, 87.6, 85.3]","[83.59537608124573, 87.18161254230955, 88.43099708638036, 85.68655709485495, 84.0120338276518, 83.56904437681865, 89.64946636259002, 80.86700077792163, 91.00270047768923, 87.13040452768263, 83.35908786653509, 86.0008720935753, 89.99423748875705, 89.21709898742924, 85.11497225431735, 84.15531255378873, 88.8099271940797, 84.90348196438472, 83.68400976862667, 87.57629868528365, 84.00782535575651, 86.90722177875794, 84.99350919316635, 83.72833529868241, 89.66682538446108, 83.16004881273675, 88.28226574056994, 85.40830749634955, 87.09635796843635, 87.12413792671548, 84.00814507438594, 86.92354162412374, 86.00259229515993, 82.50604923902122, 87.38650356465101, 87.28687853297991, 86.2152312417719, 87.197771323614, 83.09991983048354, 86.99988000744905, 86.11054272675051, 85.01893242696056, 85.90158891136875, 81.90108777584825, 85.84803808747134, 87.39707754264367, 86.78507107489159, 85.60712225649063, 85.41481724702469, 87.91976988740743, 84.00227094045773, 86.2218946477208, 86.18585431481837, 83.63817554713297, 86.40002253744485, 83.19165019274625, 87.5006753579285, 86.8036559420921, 84.20583826478708, 84.78333523587213, 84.98823077292596, 83.52412201859134, 88.49952498051248, 82.39786859480202, 82.72002323873679, 83.18142120271946, 88.41967657259814, 87.9906006347831, 90.9184178469041, 83.60476066130225, 87.94750068551701, 84.80009600717308, 88.27940489451099, 88.48513609068073, 87.71972467713152, 86.70675253774797, 85.26246714194032, 88.31415497210382, 84.19066081639023, 92.81793441193672, 84.17494890682025, 84.84669643939694, 85.61955637735701, 79.95284910108576, 86.29974645219993, 84.89472156162141, 82.65920649575222, 84.56434184352493, 91.90092916559868, 85.02730971256108, 88.89972542374367, 80.80964487777575, 83.22004134552816, 89.43469133840063, 84.06488357211768, 89.19823971686304, 85.96801495146535, 85.21132471735329, 87.60317790342344, 85.34501601317405]",4.8153252601623535,0.0,609.75,59
Hyper100k,HoeffdingTree,ADWIN,87.91499999999999,87.914943417537,"[86.4, 87.0, 83.6, 85.2, 87.5, 87.0, 84.39999999999999, 83.8, 87.7, 86.7, 87.7, 87.8, 86.8, 89.0, 86.3, 86.8, 86.3, 86.8, 85.6, 87.4, 85.1, 88.7, 86.3, 86.8, 87.5, 88.2, 89.60000000000001, 88.1, 86.8, 87.5, 88.7, 87.2, 88.0, 86.2, 88.3, 89.9, 88.5, 86.9, 87.9, 87.0, 88.5, 87.9, 89.1, 87.5, 87.9, 87.8, 90.2, 87.4, 88.1, 88.2, 89.0, 89.8, 89.5, 89.3, 89.1, 89.9, 89.3, 88.9, 87.0, 87.2, 88.1, 86.5, 87.7, 87.4, 86.5, 89.1, 89.5, 89.7, 90.0, 87.7, 86.3, 86.2, 85.8, 88.8, 89.60000000000001, 88.4, 86.9, 87.5, 88.7, 90.3, 87.8, 86.7, 90.7, 88.8, 87.2, 90.0, 87.7, 87.8, 90.2, 90.0, 88.2, 87.9, 90.0, 88.2, 88.4, 89.8, 89.0, 88.7, 89.8, 89.3]","[86.41593716141894, 87.01530925676737, 83.60180411908243, 85.17437828086067, 87.50707558714232, 87.03587067845856, 84.3978525495461, 83.77403846153845, 87.70077700854387, 86.70076700843204, 87.71471334979648, 87.82204483112773, 86.82590288217162, 89.03561424569828, 86.29283524720172, 86.79976235199722, 86.29156333227037, 86.82055434259985, 85.5901150447225, 87.40425038452769, 85.11425046210361, 88.69488071603513, 86.29974645219993, 86.8003472013888, 87.4909684695055, 88.17116628251858, 89.58940041387322, 88.11886595023437, 86.79499815598913, 87.4922702147531, 88.70708370115825, 87.2055299978854, 88.02234243110114, 86.20529650974144, 88.2874743604106, 89.93885125451338, 88.49137919204836, 86.89838670718794, 87.91136762079145, 87.00058473596897, 88.50656396652477, 87.90068221926512, 89.08672042686882, 87.5375976911483, 87.91542544942885, 87.80140469930289, 90.20735669613384, 87.39462705853906, 88.09979059671788, 88.19971215355116, 88.93238915998919, 89.7781212173321, 89.49141787794896, 89.29442960513184, 89.10711970476754, 89.91292907129339, 89.29751361215882, 88.89626442207526, 86.97734467990125, 87.21309195522838, 88.09335167174133, 86.49988133360795, 87.70218025883622, 87.40133268363697, 86.5273515927219, 89.15545241740715, 89.49697962507454, 89.68886095492627, 90.01509128430159, 87.70077700854387, 86.30143429921034, 86.20132403185626, 85.78806884475114, 88.79880667928124, 89.62899842612532, 88.41728352484816, 86.84998730318244, 87.49457263892, 88.69174029477492, 90.30217029387433, 87.79217626906745, 86.74365465009204, 90.73230183262152, 88.81519089827556, 87.19724750658851, 89.98878803321762, 87.67512998774218, 87.82724154253756, 90.2032665062073, 90.02268744443121, 88.20182410467807, 87.9145557883134, 89.99423668032786, 88.19803967585787, 88.38460222045907, 89.79738813136163, 89.00321509329838, 88.69600798640167, 89.8063733391398, 89.29771094685753]",4.102434873580933,0.0,606.5625,0
Hyper100k,HoeffdingTree,STEPD,86.087,86.08723246786377,"[86.4, 87.0, 83.6, 85.2, 87.5, 85.8, 89.1, 84.2, 83.3, 88.4, 86.9, 83.2, 87.4, 89.1, 89.3, 84.5, 85.6, 85.3, 86.5, 89.8, 81.10000000000001, 89.0, 85.3, 82.39999999999999, 86.6, 84.7, 83.89999999999999, 85.7, 87.1, 88.6, 86.0, 86.5, 86.8, 85.3, 88.2, 90.0, 84.0, 85.9, 85.39999999999999, 83.0, 85.8, 89.60000000000001, 84.5, 85.5, 89.5, 85.1, 84.39999999999999, 83.89999999999999, 86.9, 86.4, 86.9, 88.0, 83.6, 86.2, 87.3, 88.5, 84.6, 85.8, 83.39999999999999, 87.0, 85.0, 84.7, 84.6, 82.19999999999999, 83.89999999999999, 83.39999999999999, 81.39999999999999, 88.5, 90.60000000000001, 88.2, 87.0, 85.8, 85.3, 88.6, 88.6, 87.9, 85.39999999999999, 85.2, 86.3, 87.2, 83.1, 84.2, 86.8, 86.8, 87.1, 87.0, 84.0, 84.0, 90.10000000000001, 84.0, 86.6, 83.6, 84.7, 89.8, 86.8, 88.2, 88.0, 85.2, 87.8, 84.6]","[86.41593716141894, 87.01530925676737, 83.60180411908243, 85.17437828086067, 87.50707558714232, 85.79216461646546, 89.16490427615385, 84.23567518271699, 83.38906161861559, 88.40398883055644, 86.90097332498068, 83.25200470547703, 87.39268885976264, 89.13929960917125, 89.29537651522091, 84.57276071904822, 85.59138793090472, 85.3708555457367, 86.49044911927571, 89.78380115290628, 81.094756783335, 89.01635055843136, 85.28179860015462, 82.40068488091383, 86.71555931280321, 84.66204525698872, 83.8779946491182, 85.71378629564063, 87.09535195215526, 88.61053004067597, 85.99949598185536, 86.50065701866238, 86.8739585096891, 85.31017610560082, 88.19215481117007, 89.9953337176362, 84.05701002621365, 85.90457728889609, 85.41136632854204, 82.9996564815099, 85.79176880711246, 89.60630210741432, 84.47601952538781, 85.48435799314682, 89.51636376461146, 85.09577779940702, 84.37777949605238, 83.90224194345672, 86.90424521642264, 86.5307689375046, 86.83441767783789, 87.95664391810519, 83.58847178635081, 86.19903031977631, 87.30216985855276, 88.49360543551742, 84.62166314576531, 85.79431772709084, 83.38885883507128, 86.98634957643857, 84.99951478969011, 84.77891351237713, 84.6071999881574, 82.19782618488468, 83.91423717662906, 83.41810900728855, 81.42274473131576, 88.48973579685199, 90.61000966858323, 88.23149083887304, 86.99509820806841, 85.80835390260616, 85.28936129411504, 88.58191531029084, 88.59811969226264, 87.91474895652911, 85.35931262594629, 85.21047394578272, 86.29471804123054, 87.25487359548627, 83.07500585063373, 84.33468694194781, 86.83389309924873, 86.82837271915857, 87.1087740925498, 87.10698316998013, 83.95965735745628, 83.99976000205764, 90.1072888048933, 84.01544503171363, 86.62169431423067, 83.64400368314531, 84.70342074057874, 89.79987518988611, 86.78648186101641, 88.19971215355116, 87.98049128798712, 85.27400121657178, 87.81220664372553, 84.59288148458091]",3.7897610664367676,0.0,614.3515625,29
Hyper100k,HoeffdingTree,None,87.91499999999999,87.914943417537,"[86.4, 87.0, 83.6, 85.2, 87.5, 87.0, 84.39999999999999, 83.8, 87.7, 86.7, 87.7, 87.8, 86.8, 89.0, 86.3, 86.8, 86.3, 86.8, 85.6, 87.4, 85.1, 88.7, 86.3, 86.8, 87.5, 88.2, 89.60000000000001, 88.1, 86.8, 87.5, 88.7, 87.2, 88.0, 86.2, 88.3, 89.9, 88.5, 86.9, 87.9, 87.0, 88.5, 87.9, 89.1, 87.5, 87.9, 87.8, 90.2, 87.4, 88.1, 88.2, 89.0, 89.8, 89.5, 89.3, 89.1, 89.9, 89.3, 88.9, 87.0, 87.2, 88.1, 86.5, 87.7, 87.4, 86.5, 89.1, 89.5, 89.7, 90.0, 87.7, 86.3, 86.2, 85.8, 88.8, 89.60000000000001, 88.4, 86.9, 87.5, 88.7, 90.3, 87.8, 86.7, 90.7, 88.8, 87.2, 90.0, 87.7, 87.8, 90.2, 90.0, 88.2, 87.9, 90.0, 88.2, 88.4, 89.8, 89.0, 88.7, 89.8, 89.3]","[86.41593716141894, 87.01530925676737, 83.60180411908243, 85.17437828086067, 87.50707558714232, 87.03587067845856, 84.3978525495461, 83.77403846153845, 87.70077700854387, 86.70076700843204, 87.71471334979648, 87.82204483112773, 86.82590288217162, 89.03561424569828, 86.29283524720172, 86.79976235199722, 86.29156333227037, 86.82055434259985, 85.5901150447225, 87.40425038452769, 85.11425046210361, 88.69488071603513, 86.29974645219993, 86.8003472013888, 87.4909684695055, 88.17116628251858, 89.58940041387322, 88.11886595023437, 86.79499815598913, 87.4922702147531, 88.70708370115825, 87.2055299978854, 88.02234243110114, 86.20529650974144, 88.2874743604106, 89.93885125451338, 88.49137919204836, 86.89838670718794, 87.91136762079145, 87.00058473596897, 88.50656396652477, 87.90068221926512, 89.08672042686882, 87.5375976911483, 87.91542544942885, 87.80140469930289, 90.20735669613384, 87.39462705853906, 88.09979059671788, 88.19971215355116, 88.93238915998919, 89.7781212173321, 89.49141787794896, 89.29442960513184, 89.10711970476754, 89.91292907129339, 89.29751361215882, 88.89626442207526, 86.97734467990125, 87.21309195522838, 88.09335167174133, 86.49988133360795, 87.70218025883622, 87.40133268363697, 86.5273515927219, 89.15545241740715, 89.49697962507454, 89.68886095492627, 90.01509128430159, 87.70077700854387, 86.30143429921034, 86.20132403185626, 85.78806884475114, 88.79880667928124, 89.62899842612532, 88.41728352484816, 86.84998730318244, 87.49457263892, 88.69174029477492, 90.30217029387433, 87.79217626906745, 86.74365465009204, 90.73230183262152, 88.81519089827556, 87.19724750658851, 89.98878803321762, 87.67512998774218, 87.82724154253756, 90.2032665062073, 90.02268744443121, 88.20182410467807, 87.9145557883134, 89.99423668032786, 88.19803967585787, 88.38460222045907, 89.79738813136163, 89.00321509329838, 88.69600798640167, 89.8063733391398, 89.29771094685753]",3.846327066421509,0.0,614.375,0
Covtype,HoeffdingTree,CUSUM,83.74112754986128,77.9027916397383,"[73.94148020654045, 71.18760757314975, 74.87091222030982, 87.05679862306368, 79.1566265060241, 84.90533562822719, 92.06540447504304, 87.41824440619621, 94.49225473321859, 89.25989672977624, 84.44061962134252, 87.05679862306368, 87.46987951807229, 88.14113597246127, 85.54216867469879, 87.10843373493977, 95.61101549053356, 91.84165232358004, 90.6540447504303, 90.05163511187607, 76.144578313253, 81.85886402753873, 89.36316695352839, 89.328743545611, 82.20309810671257, 83.88984509466437, 89.81067125645438, 87.0223752151463, 76.66092943201377, 75.23235800344234, 77.81411359724612, 83.70051635111876, 71.61790017211705, 80.06884681583477, 86.90189328743546, 86.97074010327023, 87.72805507745267, 84.95697074010326, 86.67814113597247, 85.43889845094664, 82.85714285714286, 77.71084337349397, 82.9948364888124, 82.23752151462995, 83.08089500860585, 82.66781411359725, 83.02925989672978, 83.88984509466437, 81.15318416523236, 79.51807228915662, 84.09638554216868, 84.97418244406197, 86.91910499139415, 83.44234079173837, 83.54561101549052, 83.14974182444061, 74.85370051635113, 75.7487091222031, 77.98623063683304, 80.22375215146299, 79.84509466437177, 82.58175559380379, 83.92426850258175, 78.58864027538726, 83.23580034423408, 83.78657487091222, 81.65232358003442, 79.65576592082616, 82.23752151462995, 81.48020654044751, 86.47160068846816, 85.33562822719449, 84.35456110154905, 86.86746987951808, 87.263339070568, 81.15318416523236, 85.5593803786575, 89.27710843373494, 86.02409638554217, 84.42340791738381, 79.50086058519793, 75.30120481927712, 80.32702237521515, 85.5593803786575, 76.74698795180723, 72.22030981067125, 76.815834767642, 77.21170395869191, 82.82271944922547, 85.47332185886403, 88.64027538726333, 92.09982788296041, 85.66265060240964, 90.70567986230637, 91.8932874354561, 89.93115318416524, 85.59380378657487, 90.6368330464716, 83.61445783132531, 89.86230636833047]","[72.33633119654445, 70.60811252901811, 72.04652392333004, nan, nan, nan, nan, nan, nan, nan, nan, nan, nan, nan, nan, nan, nan, nan, nan, nan, nan, nan, nan, nan, nan, nan, nan, nan, nan, nan, nan, nan, nan, nan, nan, nan, nan, nan, nan, nan, 66.32970970091176, nan, nan, 55.10932196884883, 60.85445473365378, 69.28668935828118, 64.94638530112603, 72.17261837580563, 69.97501425439691, 62.40177016803944, 64.89502495717423, nan, nan, nan, nan, nan, nan, nan, nan, nan, nan, nan, nan, nan, nan, nan, nan, nan, nan, nan, nan, nan, nan, nan, nan, nan, nan, nan, nan, nan, nan, nan, nan, nan, nan, nan, nan, nan, nan, nan, nan, nan, nan, nan, nan, nan, nan, nan, nan, nan]",29.063571453094482,0.0,767.73828125,1554
Covtype,HoeffdingTree,PageHinkley,85.27018374835632,76.74311535325378,"[68.26161790017213, 66.23063683304647, 71.22203098106714, 85.18072289156626, 89.05335628227195, 86.50602409638554, 94.90533562822719, 93.71772805507746, 98.84681583476764, 94.6815834767642, 88.88123924268503, 91.17039586919104, 87.84853700516351, 88.00344234079174, 91.87607573149742, 87.263339070568, 94.66437177280551, 92.15146299483649, 93.35628227194492, 93.80378657487091, 80.72289156626506, 82.46127366609294, 90.27538726333907, 91.41135972461274, 82.42685025817555, 90.49913941480206, 93.47676419965578, 89.5869191049914, 83.58003442340792, 87.64199655765921, 77.6764199655766, 79.67297762478486, 91.0327022375215, 92.5473321858864, 90.36144578313254, 93.18416523235801, 90.68846815834767, 89.07056798623064, 88.45094664371773, 85.45611015490535, 79.62134251290878, 73.68330464716007, 74.81927710843374, 81.75559380378658, 82.58175559380379, 79.29432013769363, 79.67297762478486, 80.48192771084337, 77.41824440619621, 80.06884681583477, 81.11876075731497, 84.64716006884682, 85.49053356282272, 84.78485370051635, 82.20309810671257, 85.97246127366608, 86.21342512908778, 82.83993115318417, 81.75559380378658, 82.7538726333907, 78.84681583476765, 79.72461273666093, 86.24784853700517, 77.40103270223753, 83.01204819277108, 80.24096385542168, 80.10327022375215, 83.61445783132531, 80.46471600688469, 81.66953528399311, 78.2788296041308, 85.06024096385542, 87.93459552495698, 88.3132530120482, 86.95352839931154, 87.4354561101549, 84.35456110154905, 87.53872633390706, 84.01032702237522, 86.45438898450946, 77.40103270223753, 77.33218588640275, 82.25473321858864, 87.53872633390706, 76.60929432013769, 69.89672977624785, 80.98106712564544, 86.00688468158347, 85.98967297762479, 88.2960413080895, 92.40963855421687, 97.28055077452667, 89.05335628227195, 96.05851979345955, 95.67986230636834, 85.38726333907056, 91.8932874354561, 90.91222030981068, 81.56626506024097, 91.75559380378657]","[66.6421658145241, 64.73055445178461, 67.98705420428574, nan, nan, nan, nan, nan, nan, nan, nan, nan, nan, nan, nan, nan, nan, nan, nan, nan, nan, nan, nan, nan, nan, nan, nan, nan, nan, nan, nan, nan, nan, nan, nan, nan, nan, nan, nan, nan, 67.48614714609245, nan, 61.341508716356294, 60.46024067277524, 66.24903320589394, 67.9283364002044, 66.93400147452469, 69.97878774002412, 71.41100883931743, 63.61799833855941, 72.32889350174293, nan, nan, nan, nan, nan, nan, nan, nan, nan, nan, nan, nan, nan, nan, nan, nan, nan, nan, nan, nan, nan, nan, nan, nan, nan, nan, nan, nan, nan, nan, nan, nan, nan, nan, nan, nan, nan, nan, nan, nan, nan, nan, nan, nan, nan, nan, nan, nan, nan]",24.585811853408813,0.9,636.87109375,88
Covtype,HoeffdingTree,DDM,83.97657879699558,74.37300292050799,"[67.19449225473322, 61.566265060240966, 73.14974182444061, 80.24096385542168, 80.8433734939759, 80.49913941480207, 85.26678141135973, 93.25301204819277, 98.19277108433735, 94.13080895008605, 89.70740103270224, 90.92943201376936, 85.00860585197934, 87.40103270223753, 93.30464716006884, 90.58519793459553, 93.8382099827883, 93.63166953528399, 95.67986230636834, 96.19621342512909, 89.87951807228916, 85.35283993115318, 90.6540447504303, 94.01032702237522, 87.95180722891565, 80.4130808950086, 74.66437177280551, 79.72461273666093, 70.91222030981066, 86.36833046471601, 81.97934595524957, 86.88468158347676, 84.85370051635111, 88.12392426850259, 86.02409638554217, 89.1394148020654, 91.23924268502581, 87.98623063683306, 89.03614457831324, 86.85025817555938, 83.90705679862306, 72.9948364888124, 73.49397590361446, 75.19793459552496, 85.1118760757315, 83.54561101549052, 79.1394148020654, 80.96385542168674, 76.91910499139415, 67.17728055077453, 72.47848537005164, 78.81239242685025, 86.3855421686747, 74.56110154905335, 73.16695352839932, 88.2960413080895, 85.42168674698796, 81.11876075731497, 77.48709122203098, 76.05851979345955, 76.31669535283993, 78.07228915662651, 86.19621342512909, 80.74010327022376, 86.83304647160068, 87.16006884681583, 85.21514629948365, 83.63166953528399, 81.99655765920826, 83.08089500860585, 87.48709122203098, 88.74354561101549, 86.24784853700517, 89.1394148020654, 83.11531841652324, 81.2908777969019, 85.1290877796902, 90.51635111876077, 87.76247848537005, 87.52151462994836, 84.78485370051635, 75.49053356282272, 73.66609294320138, 82.35800344234079, 79.75903614457832, 76.91910499139415, 84.01032702237522, 90.27538726333907, 80.75731497418245, 89.51807228915662, 94.11359724612737, 95.9380378657487, 83.32185886402755, 83.30464716006884, 84.30292598967297, 89.328743545611, 85.7314974182444, 89.70740103270224, 79.81067125645438, 83.4251290877797]","[65.33730136278395, 60.62987433040974, 70.25126187081015, nan, nan, nan, nan, nan, nan, nan, nan, nan, nan, nan, nan, nan, nan, nan, nan, nan, nan, nan, nan, nan, nan, nan, nan, nan, nan, nan, nan, nan, nan, nan, nan, nan, nan, nan, nan, nan, 76.18694761037233, nan, 63.394269637517084, 58.677509548627484, 56.340167531087374, 74.00783041077185, 71.0706290875131, 74.32605032259497, 73.88385047643024, 62.38505174088608, 67.88944179448255, nan, nan, nan, nan, nan, nan, nan, nan, nan, nan, nan, nan, nan, nan, nan, nan, nan, nan, nan, nan, nan, nan, nan, nan, nan, nan, nan, nan, nan, nan, nan, nan, nan, nan, nan, nan, nan, nan, nan, nan, nan, nan, nan, nan, nan, nan, nan, nan, nan]",24.204628944396973,0.0,646.5,2
Covtype,HoeffdingTree,HDDMAverage,85.34057816361796,74.47406564665314,"[49.08777969018933, 39.20826161790017, 59.3631669535284, 91.35972461273666, 87.91738382099827, 84.93975903614458, 93.13253012048193, 87.33218588640275, 92.01376936316696, 87.96901893287435, 83.08089500860585, 89.07056798623064, 87.2461273666093, 86.66092943201377, 85.5249569707401, 89.51807228915662, 91.13597246127367, 89.60413080895009, 90.67125645438898, 92.03098106712565, 84.78485370051635, 81.79001721170395, 88.05507745266782, 89.70740103270224, 87.48709122203098, 86.23063683304647, 89.29432013769363, 83.407917383821, 81.06712564543889, 85.07745266781411, 82.89156626506025, 86.40275387263338, 82.15146299483649, 83.51118760757315, 87.07401032702238, 87.0223752151463, 88.65748709122204, 89.5697074010327, 86.12736660929431, 86.31669535283993, 84.78485370051635, 81.49741824440619, 84.57831325301206, 87.77969018932875, 86.19621342512909, 83.32185886402755, 83.78657487091222, 85.37005163511188, 85.9552495697074, 85.42168674698796, 85.76592082616179, 87.00516351118762, 87.34939759036145, 85.90361445783132, 87.10843373493977, 87.74526678141136, 83.2185886402754, 83.407917383821, 83.73493975903614, 84.78485370051635, 86.02409638554217, 86.12736660929431, 87.05679862306368, 81.61790017211705, 84.49225473321859, 86.66092943201377, 86.66092943201377, 85.37005163511188, 84.8881239242685, 84.80206540447504, 87.53872633390706, 88.86402753872633, 88.02065404475043, 90.05163511187607, 88.53700516351118, 86.29948364888124, 87.55593803786574, 88.70912220309812, 85.7487091222031, 87.34939759036145, 83.5972461273666, 79.87951807228916, 82.09982788296041, 88.12392426850259, 83.99311531841653, 85.02581755593803, 87.00516351118762, 87.98623063683306, 84.97418244406197, 87.52151462994836, 90.70567986230637, 93.20137693631669, 84.30292598967297, 88.24440619621342, 88.77796901893288, 90.18932874354562, 85.3184165232358, 87.81411359724612, 80.56798623063683, 84.11359724612737]","[47.204551283769504, 39.12072269181422, 53.046941912333345, nan, nan, nan, nan, nan, nan, nan, nan, nan, nan, nan, nan, nan, nan, nan, nan, nan, nan, nan, nan, nan, nan, nan, nan, nan, nan, nan, nan, nan, nan, nan, nan, nan, nan, nan, nan, nan, nan, nan, nan, nan, 63.348404026269534, 70.23198596031075, 63.19865285669602, 73.85912427583112, 74.89101332793395, 67.61584235935617, nan, nan, nan, nan, nan, nan, nan, nan, nan, nan, nan, nan, nan, nan, nan, nan, nan, nan, nan, nan, nan, nan, nan, nan, nan, nan, nan, nan, nan, nan, nan, nan, nan, nan, nan, nan, nan, nan, nan, nan, nan, nan, nan, nan, nan, nan, nan, nan, nan, nan]",38.70548868179321,0.0,765.625,8679
Covtype,HoeffdingTree,HDDMWeighted,84.69618527672405,74.72575929829132,"[52.09982788296041, 40.8433734939759, 62.736660929432006, 89.81067125645438, 85.98967297762479, 81.20481927710843, 91.82444061962134, 86.66092943201377, 92.53012048192771, 88.5025817555938, 80.6368330464716, 82.65060240963855, 85.09466437177281, 84.38898450946644, 81.37693631669535, 89.08777969018932, 91.54905335628227, 89.07056798623064, 90.4302925989673, 90.05163511187607, 80.60240963855422, 77.40103270223753, 87.0223752151463, 89.65576592082616, 85.85197934595526, 85.00860585197934, 88.19277108433735, 83.71772805507746, 76.3855421686747, 81.53184165232358, 79.69018932874354, 83.83820998278829, 80.36144578313254, 82.7538726333907, 87.40103270223753, 87.69363166953529, 88.33046471600689, 89.7590361445783, 86.3855421686747, 86.31669535283993, 85.07745266781411, 81.54905335628227, 85.1118760757315, 88.41652323580035, 87.91738382099827, 83.63166953528399, 83.71772805507746, 85.57659208261617, 86.57487091222032, 85.67986230636832, 85.67986230636832, 87.36660929432014, 87.57314974182444, 85.88640275387263, 86.66092943201377, 87.40103270223753, 83.92426850258175, 82.15146299483649, 83.2185886402754, 83.49397590361446, 85.16351118760758, 85.24956970740104, 87.50430292598968, 81.30808950086058, 84.49225473321859, 85.35283993115318, 85.86919104991394, 85.07745266781411, 83.92426850258175, 85.04302925989673, 87.91738382099827, 88.60585197934596, 89.62134251290877, 89.17383820998279, 89.08777969018932, 83.87263339070567, 85.69707401032703, 89.00172117039587, 87.71084337349397, 88.03786574870912, 82.47848537005163, 79.44922547332186, 80.49913941480207, 88.41652323580035, 82.1170395869191, 80.68846815834767, 85.23235800344234, 87.84853700516351, 86.50602409638554, 87.8657487091222, 91.32530120481928, 93.20137693631669, 83.80378657487091, 88.3132530120482, 86.57487091222032, 89.65576592082616, 83.99311531841653, 88.19277108433735, 80.60240963855422, 84.06196213425129]","[51.005868770075416, 42.16977754313167, 56.75965663947131, nan, nan, nan, nan, nan, nan, nan, nan, nan, nan, nan, nan, nan, nan, nan, nan, nan, nan, nan, nan, nan, nan, nan, nan, nan, nan, nan, nan, nan, nan, nan, nan, nan, nan, nan, nan, nan, 69.21461832816588, nan, nan, 65.70709157676613, 64.06547161135046, 70.07486711799926, 63.87877133901417, 72.81450797760655, 75.56456431311632, 67.26831457119307, nan, nan, nan, nan, nan, nan, nan, nan, nan, nan, nan, nan, nan, nan, nan, nan, nan, nan, nan, nan, nan, nan, nan, nan, nan, nan, nan, nan, nan, nan, nan, nan, nan, nan, nan, nan, nan, nan, nan, nan, nan, nan, nan, nan, nan, nan, nan, nan, nan, nan]",35.43195819854736,0.9,755.81640625,6394
Covtype,HoeffdingTree,ADWIN,84.24128933653694,78.09030164168198,"[72.5473321858864, 70.70567986230637, 74.33734939759036, 91.0327022375215, 85.71428571428571, 82.37521514629948, 89.38037865748709, 86.41996557659209, 92.7710843373494, 87.84853700516351, 78.76075731497419, 84.99139414802065, 84.6815834767642, 83.8209982788296, 83.92426850258175, 88.91566265060241, 92.94320137693632, 87.72805507745267, 90.223752151463, 90.223752151463, 81.13597246127367, 77.41824440619621, 84.6815834767642, 89.70740103270224, 81.46299483648882, 83.13253012048193, 85.00860585197934, 79.43201376936317, 74.95697074010327, 78.50258175559381, 78.07228915662651, 82.85714285714286, 74.01032702237521, 78.7091222030981, 83.51118760757315, 87.69363166953529, 88.2788296041308, 85.1118760757315, 86.29948364888124, 86.24784853700517, 83.78657487091222, 79.12220309810671, 84.04475043029261, 83.99311531841653, 83.13253012048193, 82.87435456110155, 83.01204819277108, 84.2512908777969, 84.93975903614458, 82.9776247848537, 83.02925989672978, 84.35456110154905, 86.45438898450946, 85.5593803786575, 85.7314974182444, 85.85197934595526, 80.49913941480207, 79.43201376936317, 82.46127366609294, 81.60068846815834, 84.93975903614458, 86.41996557659209, 85.85197934595526, 79.24268502581756, 83.14974182444061, 83.16695352839932, 82.9948364888124, 83.184165232358, 83.64888123924268, 83.54561101549052, 86.19621342512909, 86.00688468158347, 86.50602409638554, 90.0, 87.55593803786574, 83.95869191049914, 85.80034423407918, 90.34423407917383, 87.96901893287435, 86.54044750430293, 80.05163511187607, 75.90361445783132, 81.37693631669535, 88.20998278829603, 81.22203098106712, 77.19449225473322, 83.04647160068846, 87.76247848537005, 82.90877796901893, 85.5593803786575, 88.53700516351118, 93.51118760757315, 85.92082616179002, 91.01549053356283, 87.10843373493977, 86.35111876075732, 84.61273666092943, 90.44750430292598, 82.92598967297764, 90.72289156626506]","[71.11930043695665, 69.34137611236264, 70.82058047037991, nan, nan, nan, nan, nan, nan, nan, nan, nan, nan, nan, nan, nan, nan, nan, nan, nan, nan, nan, nan, nan, nan, nan, nan, nan, nan, nan, nan, nan, nan, nan, nan, nan, nan, nan, nan, nan, 68.71271955537689, nan, nan, nan, 61.99040363695612, 69.73552807435215, 63.33233757413848, 70.43224916967645, 71.65497435916318, 62.925681889389416, 63.86397567044851, nan, nan, nan, nan, nan, nan, nan, nan, nan, nan, nan, nan, nan, nan, nan, nan, nan, nan, nan, nan, nan, nan, nan, nan, nan, nan, nan, nan, nan, nan, nan, nan, nan, nan, nan, nan, nan, nan, nan, nan, nan, nan, nan, nan, nan, nan, nan, nan, nan]",27.889253616333008,0.0,688.02734375,3174
Covtype,HoeffdingTree,STEPD,84.15987965825147,75.96624306282575,"[67.19449225473322, 61.566265060240966, 73.14974182444061, 80.24096385542168, 80.8433734939759, 80.49913941480207, 85.26678141135973, 93.25301204819277, 98.19277108433735, 94.13080895008605, 89.70740103270224, 90.92943201376936, 85.00860585197934, 87.40103270223753, 93.30464716006884, 90.58519793459553, 93.8382099827883, 93.63166953528399, 95.67986230636834, 96.19621342512909, 89.87951807228916, 85.35283993115318, 90.6540447504303, 94.01032702237522, 87.95180722891565, 80.4130808950086, 75.47332185886403, 86.12736660929431, 83.71772805507746, 87.29776247848537, 85.76592082616179, 87.74526678141136, 85.86919104991394, 88.98450946643717, 89.70740103270224, 88.9328743545611, 90.60240963855422, 78.69191049913941, 75.23235800344234, 82.09982788296041, 83.68330464716007, 74.40619621342512, 74.85370051635113, 82.35800344234079, 80.91222030981066, 82.47848537005163, 80.08605851979345, 81.10154905335628, 82.30636833046472, 78.39931153184165, 78.88123924268503, 83.45955249569708, 81.85886402753873, 82.16867469879519, 78.55421686746989, 85.69707401032703, 79.03614457831326, 78.12392426850259, 72.94320137693632, 74.87091222030982, 81.48020654044751, 87.90017211703959, 85.90361445783132, 85.38726333907056, 85.88640275387263, 88.3132530120482, 90.29259896729776, 79.17383820998279, 74.73321858864027, 80.15490533562823, 80.1893287435456, 82.66781411359725, 89.25989672977624, 86.40275387263338, 86.98795180722891, 80.22375215146299, 86.592082616179, 88.67469879518072, 87.76247848537005, 85.85197934595526, 83.4251290877797, 77.81411359724612, 71.0499139414802, 80.48192771084337, 77.8829604130809, 81.54905335628227, 83.2185886402754, 86.41996557659209, 85.35283993115318, 87.4526678141136, 91.30808950086059, 91.7039586919105, 82.59896729776248, 90.68846815834767, 86.78141135972461, 87.14285714285714, 87.77969018932875, 84.59552495697073, 79.79345955249569, 83.76936316695353]","[65.33730136278395, 60.62987433040974, 70.25126187081015, nan, nan, nan, nan, nan, nan, nan, nan, nan, nan, nan, nan, nan, nan, nan, nan, nan, nan, nan, nan, nan, nan, nan, nan, nan, nan, nan, nan, nan, nan, nan, nan, nan, nan, nan, nan, nan, nan, nan, 59.988417134255236, 59.53467634394247, 59.20713308699164, 71.29564942709816, 71.47117119921327, 76.54063409513532, 77.77881714388829, 69.44991977082935, 70.69637026849993, nan, nan, nan, nan, nan, nan, nan, nan, nan, nan, nan, nan, nan, nan, nan, nan, nan, nan, nan, nan, nan, nan, nan, nan, nan, nan, nan, nan, nan, nan, nan, nan, nan, nan, nan, nan, nan, nan, nan, nan, nan, nan, nan, nan, nan, nan, nan, nan, nan]",25.32245707511902,0.0,673.1640625,781
Covtype,HoeffdingTree,None,83.03236421967188,73.51408226366682,"[67.19449225473322, 61.566265060240966, 73.14974182444061, 80.24096385542168, 80.8433734939759, 80.49913941480207, 85.26678141135973, 93.25301204819277, 98.19277108433735, 94.13080895008605, 89.70740103270224, 90.92943201376936, 85.00860585197934, 87.40103270223753, 93.30464716006884, 90.58519793459553, 93.8382099827883, 93.63166953528399, 95.67986230636834, 96.19621342512909, 89.87951807228916, 85.35283993115318, 90.6540447504303, 94.01032702237522, 87.95180722891565, 80.4130808950086, 74.66437177280551, 79.72461273666093, 70.91222030981066, 86.36833046471601, 81.97934595524957, 86.88468158347676, 84.85370051635111, 88.12392426850259, 86.02409638554217, 89.1394148020654, 90.77452667814113, 86.48881239242685, 88.07228915662651, 89.60413080895009, 83.44234079173837, 75.45611015490533, 79.50086058519793, 77.34939759036145, 82.15146299483649, 78.33046471600689, 75.07745266781411, 75.90361445783132, 76.26506024096386, 72.5473321858864, 82.37521514629948, 79.94836488812392, 77.41824440619621, 73.14974182444061, 81.63511187607573, 85.28399311531841, 80.80895008605852, 81.87607573149742, 80.25817555938038, 76.72977624784853, 75.59380378657488, 84.01032702237522, 87.62478485370052, 79.3803786574871, 81.30808950086058, 83.23580034423408, 83.76936316695353, 78.07228915662651, 74.38898450946644, 76.98795180722891, 83.44234079173837, 84.93975903614458, 83.90705679862306, 86.78141135972461, 84.6815834767642, 82.53012048192771, 86.14457831325302, 88.07228915662651, 87.09122203098106, 86.02409638554217, 83.47676419965576, 79.65576592082616, 76.07573149741825, 77.64199655765921, 76.52323580034424, 74.75043029259896, 71.7039586919105, 81.6867469879518, 77.95180722891565, 77.59036144578313, 85.64543889845095, 92.51290877796902, 84.42340791738381, 85.93803786574871, 85.88640275387263, 89.74182444061962, 83.87263339070567, 80.36144578313254, 77.55593803786574, 84.21686746987952]","[65.33730136278395, 60.62987433040974, 70.25126187081015, nan, nan, nan, nan, nan, nan, nan, nan, nan, nan, nan, nan, nan, nan, nan, nan, nan, nan, nan, nan, nan, nan, nan, nan, nan, nan, nan, nan, nan, nan, nan, nan, nan, nan, nan, nan, nan, 80.03048745473087, nan, 56.36323314482535, 53.507272407546935, 58.153782082807226, 64.88259529614852, 61.36435325544184, 68.41374749898192, 68.31365084715135, 62.446525581169674, 64.32047344985834, nan, nan, nan, nan, nan, nan, nan, nan, nan, nan, nan, nan, nan, nan, nan, nan, nan, nan, nan, nan, nan, nan, nan, nan, nan, nan, nan, nan, nan, nan, nan, nan, nan, nan, nan, nan, nan, nan, nan, nan, nan, nan, nan, nan, nan, nan, nan, nan, nan]",20.666831016540527,0.0,679.63671875,0
Sensor,HoeffdingTree,CUSUM,5.186090837790561,,"[2.7209658527795297, 2.090278403459771, 2.3650779349490945, 2.955221191098297, 2.78853950806379, 2.3876024867105143, 2.581313631858726, 3.0092801153257054, 3.2525452743490404, 2.7930444184160734, 2.6578971078475537, 3.2390305432921886, 4.297684476078926, 3.103883232723669, 3.7345706820434277, 3.824668889089107, 3.865213082259663, 2.6533921974952697, 2.6759167492566895, 3.2255158122353365, 3.932786737543923, 2.7164609424272457, 2.590323452563294, 3.6760068474637357, 3.2345256329399046, 2.8561131633480494, 2.7795296873592217, 2.7660149563023695, 3.333633660690152, 2.9146769979277414, 2.617352914676998, 3.157942156951077, 3.3156140192810164, 3.0092801153257054, 2.7705198666546536, 3.38769258491756, 3.3786827642129924, 2.923686818632309, 2.8696278944049016, 2.666906928552122, 3.806649247679971, 3.6129381025317597, 2.8425984322911972, 2.4777006937561943, 3.0813586809622486, 3.9778358410667627, 3.4282367780881158, 3.2930894675195965, 3.9823407514190468, 4.230110820794667, 2.8786377151094693, 2.6894314803135417, 3.1173979637805207, 3.157942156951077, 2.531759617983602, 2.47319578340391, 3.599423371474908, 2.621857825029282, 2.3110190107216866, 2.468690873051626, 2.865122984052617, 2.108298044868907, 7.676367240291918, 3.2300207225876205, 4.198576448328678, 3.3381385710424363, 3.41021713667898, 3.3201189296333005, 4.595008559329669, 10.045950085593297, 3.9778358410667627, 3.6579872060546, 3.329128750337868, 3.4417515091449675, 3.5408595368952156, 3.5453644472474997, 3.34264348139472, 3.932786737543923, 3.4327416884404003, 2.7840345977115053, 6.293359762140733, 9.89278313361564, 8.090818992702046, 3.5048202540769435, 3.518334985133796, 4.32471393819263, 6.70781151455086, 10.054959906297865, 14.816650148662042, 17.204252635372555, 16.24020181998378, 14.942787638525992, 16.132083971528964, 13.528245787908821, 11.9019731507343, 16.92494819353095, 17.45652761510046, 20.285611316334805, 18.41607352013695, 24.88962969636904]","[nan, nan, nan, nan, nan, nan, nan, nan, nan, nan, nan, nan, nan, nan, nan, nan, nan, nan, nan, nan, nan, nan, nan, nan, nan, nan, nan, nan, nan, nan, nan, nan, nan, nan, nan, nan, nan, nan, nan, nan, nan, nan, nan, nan, nan, nan, nan, nan, nan, nan, nan, nan, nan, nan, nan, nan, nan, nan, nan, nan, nan, nan, nan, nan, nan, nan, nan, nan, nan, nan, nan, nan, nan, nan, nan, nan, nan, nan, nan, nan, nan, nan, nan, nan, nan, nan, nan, nan, nan, nan, nan, nan, nan, nan, nan, nan, nan, nan, nan, nan]",93.94399452209473,0.0,796.34765625,61126
Sensor,HoeffdingTree,PageHinkley,73.21888473887097,,"[85.2283989548608, 67.15019371114515, 59.65402288494459, 87.9583746283449, 80.49373817461033, 60.379313451662306, 48.0313541760519, 80.02072258762051, 93.53995855482475, 65.70411748806198, 53.13541760518966, 78.35390575727543, 76.97540318947654, 69.06027570051356, 75.16893413821066, 83.9895486079827, 76.13298495359942, 48.79718893594017, 71.88935940174791, 83.08856653752589, 51.27038471934409, 77.34480583836381, 56.35642850707271, 82.22812866023966, 76.24560771240652, 65.51941616361835, 63.289485539237766, 82.67411478511578, 85.67438507973691, 61.26227588070997, 51.83349851337958, 80.32255158122354, 86.78259302639879, 68.51968645823948, 65.31669519776557, 95.17073610235155, 93.46337507883592, 72.10109018830525, 67.53761600144156, 75.41219929723398, 82.22362374988738, 72.69123344445445, 76.54743670600955, 54.6986214974322, 91.89116136588882, 76.9303540859537, 55.973511127128575, 58.02775024777007, 83.19217947562844, 68.83953509325164, 79.9666636633931, 64.73556176232093, 86.0753221010902, 76.74565276151004, 76.70510856833948, 67.66375349130553, 83.55257230381116, 78.60618073700333, 77.37183530047751, 70.92981349671142, 90.75141904676097, 76.82223623749887, 77.3493107487161, 84.43553473285881, 82.90386521308226, 64.2940805477971, 77.55653662492116, 86.81863230921705, 76.04288674655373, 64.88872871429858, 94.8779169294531, 53.459771150554104, 76.30417154698621, 74.1418145778899, 91.54878817911523, 72.83539057572754, 69.48824218398055, 76.28615190557709, 73.18677358320569, 67.91152356068115, 61.88845841967745, 65.83025497792593, 60.80277502477701, 86.94026488872872, 92.34165240111722, 88.92693035408595, 80.11983061537076, 83.38589062077665, 63.523740877556534, 59.5098657536715, 59.099918911613656, 53.509325164429235, 71.6956482565997, 61.41093792233534, 88.9449499954951, 68.63681412739886, 59.94684205784305, 68.25389674745472, 69.02874132804757, 59.744121091990266]","[nan, nan, nan, nan, nan, nan, nan, nan, nan, nan, nan, nan, nan, nan, nan, nan, nan, nan, nan, nan, nan, nan, nan, nan, nan, nan, nan, nan, nan, nan, nan, nan, nan, nan, nan, nan, nan, nan, nan, nan, nan, nan, nan, nan, nan, nan, nan, nan, nan, nan, nan, nan, nan, nan, nan, nan, nan, nan, nan, nan, nan, nan, nan, nan, nan, nan, nan, nan, nan, nan, nan, nan, nan, nan, nan, nan, nan, nan, nan, nan, nan, nan, nan, nan, nan, nan, nan, nan, nan, nan, nan, nan, nan, nan, nan, nan, nan, nan, nan, nan]",83.42312240600586,0.0,679.328125,1715
Sensor,HoeffdingTree,DDM,62.157182416637866,,"[90.83250743310208, 67.03757095233804, 58.26200558608884, 87.57545724840075, 81.02982250653213, 50.18470132444365, 65.32120010811785, 90.31444274258942, 80.53428236778089, 56.86097846652851, 58.39715289665735, 81.26858275520317, 73.5516713217407, 56.31588431390215, 60.24867105144608, 77.268222362375, 69.4116587079917, 55.414902243445354, 57.27543021893864, 63.72646184340932, 53.94179655824849, 68.44760789260293, 54.80673934588701, 76.17352914676998, 71.51545184250834, 60.85232903865213, 56.248310658617896, 73.25434723848996, 77.95747364627445, 54.85629335976214, 52.441661410937925, 78.57915127488963, 82.71015406793406, 58.95125686998829, 52.54527434904045, 78.96206865483377, 84.75538336787099, 64.64546355527526, 56.46004144517525, 61.041535273448055, 84.64276060906388, 57.34750878457518, 62.20380214433733, 56.095143706640236, 81.21001892062348, 61.62717361924498, 65.49238670150463, 57.41508243985945, 75.13289485539238, 55.45544643661591, 54.71664113884134, 46.679881070366704, 73.96161816379853, 65.1680331561402, 49.05847373637265, 50.810883863411114, 77.30876655554555, 60.19911703757095, 63.92017298855753, 60.82079466618614, 81.68753941796558, 55.851878547616906, 65.26263627353815, 64.97432201099198, 81.24605820344175, 53.78412469591856, 65.6996125777097, 56.61320839715289, 67.12766915938373, 42.01729885575277, 75.9708081809172, 56.22578610685648, 63.4786917740337, 65.24011172177674, 73.25885214884224, 59.09090909090909, 52.34255338318767, 71.36678980088296, 62.39751328948554, 40.20181998378232, 48.657536715019376, 60.87935850076583, 71.73619244977026, 54.40580232453374, 62.9696369042256, 78.2502928191729, 65.34822957023155, 58.81610955941977, 37.34570682043427, 35.62483106586179, 34.04811244256239, 34.05712226326696, 44.873412019100826, 44.37787188034958, 72.61464996846563, 42.26506892512839, 30.755022975042795, 33.678709793675104, 44.977024957203355, 46.95017569150374]","[nan, nan, nan, nan, nan, nan, nan, nan, nan, nan, nan, nan, nan, nan, nan, nan, nan, nan, nan, nan, nan, nan, nan, nan, nan, nan, nan, nan, nan, nan, nan, nan, nan, nan, nan, nan, nan, nan, nan, nan, nan, nan, nan, nan, nan, nan, nan, nan, nan, nan, nan, nan, nan, nan, nan, nan, nan, nan, nan, nan, nan, nan, nan, nan, nan, nan, nan, nan, nan, nan, nan, nan, nan, nan, nan, nan, nan, nan, nan, nan, nan, nan, nan, nan, nan, nan, nan, nan, nan, nan, nan, nan, nan, nan, nan, nan, nan, nan, nan, nan]",87.889230966568,0.0,680.375,0
Sensor,HoeffdingTree,HDDMAverage,2.1067635281148824,,"[1.220830705468961, 1.5677088025948285, 1.7434003063339039, 1.9686458239481033, 2.0136949274709433, 1.8154788719704478, 1.8425083340841517, 1.9866654653572395, 1.8244886926750157, 2.270474817551131, 2.180376610505451, 2.2884944589602667, 2.47319578340391, 2.211910982971439, 2.2794846382556986, 2.2524551761419946, 2.500225245517614, 2.2209208036760066, 1.9010721686638434, 2.0767636724029193, 2.243445355437427, 2.162356969096315, 1.8154788719704478, 2.1668618794485988, 2.0812685827552033, 2.117307865573475, 2.117307865573475, 2.009190017118659, 2.3921073970627984, 2.2884944589602667, 2.153347148391747, 2.2569600864942787, 2.3065141003694025, 2.270474817551131, 2.153347148391747, 2.1983962519145868, 2.2794846382556986, 2.157852058744031, 2.3245337417785388, 2.121812775925759, 2.2209208036760066, 2.3650779349490945, 2.108298044868907, 1.9641409135958194, 1.9461212721866836, 2.274979727903415, 2.693936390665826, 2.8471033426434813, 2.3785926660059467, 2.56329399044959, 2.225425714028291, 1.6578070096405082, 1.9866654653572395, 1.8244886926750157, 1.6217677268222361, 1.67132174069736, 2.090278403459771, 1.6397873682313724, 1.5947382647085322, 1.4776105955491485, 0.80187404270655, 1.0226146499684656, 2.3065141003694025, 2.40562212811965, 2.6263627353815657, 2.2975042796648344, 2.3650779349490945, 1.9596360032435354, 2.49572033516533, 1.364987836742049, 1.7704297684476078, 1.6533020992882241, 1.73889539598162, 1.8650328858455718, 1.8289936030273, 1.756915037390756, 1.6307775475268045, 1.5857284440039643, 1.725380664924768, 1.6082529957653844, 1.8019641409135958, 1.8019641409135958, 2.4236417695287864, 2.0046851067663756, 2.1983962519145868, 2.009190017118659, 0.8559329669339579, 1.2703847193440851, 1.6578070096405082, 2.986755563564285, 3.4327416884404003, 3.558879178304352, 3.901252365077935, 3.4237318677358317, 2.3605730245968104, 3.1894765294170644, 2.5137399765744664, 2.49572033516533, 1.1307324984232814, 3.4327416884404003]","[nan, nan, nan, nan, nan, nan, nan, nan, nan, nan, nan, nan, nan, nan, nan, nan, nan, nan, nan, nan, nan, nan, nan, nan, nan, nan, nan, nan, nan, nan, nan, nan, nan, nan, nan, nan, nan, nan, nan, nan, nan, nan, nan, nan, nan, nan, nan, nan, nan, nan, nan, nan, nan, nan, nan, nan, nan, nan, nan, nan, nan, nan, nan, nan, nan, nan, nan, nan, nan, nan, nan, nan, nan, nan, nan, nan, nan, nan, nan, nan, nan, nan, nan, nan, nan, nan, nan, nan, nan, nan, nan, nan, nan, nan, nan, nan, nan, nan, nan, nan]",205.21200823783875,0.0,930.9296875,520789
Sensor,HoeffdingTree,HDDMWeighted,2.11469215961957,,"[1.220830705468961, 1.5677088025948285, 1.73889539598162, 1.9776556446526716, 2.0136949274709433, 1.8154788719704478, 1.8425083340841517, 1.9866654653572395, 1.8199837823227316, 2.2614649968465628, 2.180376610505451, 2.2839895486079826, 2.47319578340391, 2.202901162266871, 2.2794846382556986, 2.2524551761419946, 2.49572033516533, 2.2209208036760066, 1.8965672583115596, 2.0857734931074874, 2.238940445085143, 2.162356969096315, 1.8109739616181637, 2.171366789800883, 2.0812685827552033, 2.121812775925759, 2.117307865573475, 2.009190017118659, 2.3785926660059467, 2.2975042796648344, 2.153347148391747, 2.2569600864942787, 2.3110190107216866, 2.270474817551131, 2.153347148391747, 2.1983962519145868, 2.2794846382556986, 2.162356969096315, 2.3290386521308224, 2.126317686278043, 2.225425714028291, 2.3650779349490945, 2.108298044868907, 1.9641409135958194, 1.9551310928912515, 2.274979727903415, 2.693936390665826, 2.8516082529957654, 2.3695828453013785, 2.56329399044959, 2.2209208036760066, 1.662311919992792, 1.9911703757095234, 1.8019641409135958, 1.6262726371745202, 1.67132174069736, 2.094783313812055, 1.6442922785836562, 1.5947382647085322, 1.4821155059014326, 0.8063789530588341, 1.0226146499684656, 2.4011172177673665, 2.4146319488242187, 2.60834309397243, 2.302009190017119, 2.3650779349490945, 1.9596360032435354, 2.4822056041084783, 1.355978016037481, 1.788449409856744, 1.6533020992882241, 1.7524101270384718, 1.8695377961978554, 1.8334985133795838, 1.7524101270384718, 1.635282457879088, 1.5947382647085322, 1.7298855752770521, 1.6037480854131, 1.8154788719704478, 1.8380034237318679, 2.4641859626993425, 2.009190017118659, 2.193891341562303, 2.0136949274709433, 0.86944769799081, 1.2703847193440851, 1.7208757545724838, 3.063339039553113, 3.5003153437246604, 3.6039282818271916, 3.9417965582484906, 3.446256419497252, 2.3876024867105143, 3.2300207225876205, 2.56329399044959, 2.531759617983602, 1.1442472294801334, 3.513830074781512]","[nan, nan, nan, nan, nan, nan, nan, nan, nan, nan, nan, nan, nan, nan, nan, nan, nan, nan, nan, nan, nan, nan, nan, nan, nan, nan, nan, nan, nan, nan, nan, nan, nan, nan, nan, nan, nan, nan, nan, nan, nan, nan, nan, nan, nan, nan, nan, nan, nan, nan, nan, nan, nan, nan, nan, nan, nan, nan, nan, nan, nan, nan, nan, nan, nan, nan, nan, nan, nan, nan, nan, nan, nan, nan, nan, nan, nan, nan, nan, nan, nan, nan, nan, nan, nan, nan, nan, nan, nan, nan, nan, nan, nan, nan, nan, nan, nan, nan, nan, nan]",273.67038679122925,0.0,831.53125,515786
Sensor,HoeffdingTree,ADWIN,70.60991448340236,,"[90.83250743310208, 67.03757095233804, 58.26200558608884, 87.57545724840075, 83.72375889719794, 60.2982250653212, 59.29813496711416, 84.54815749166592, 86.26903324623841, 62.14974322010992, 63.307505180646906, 77.72772321830796, 62.122713757996216, 57.88809802684926, 72.66420398234075, 85.01216325795117, 79.98918821515451, 48.46382556987116, 68.92512838994504, 84.24182358771061, 52.36958284530138, 59.93783223713848, 47.62140733399406, 88.85935669880169, 83.30930714478781, 59.98288134066132, 57.5412199297234, 81.11091089287324, 74.57428597170916, 61.041535273448055, 57.153797639426976, 87.9854040904586, 88.94044508514281, 53.79313451662312, 56.04558969276512, 85.81403730065772, 96.0627083521038, 72.61464996846563, 65.1635282457879, 70.90278403459772, 86.82313721956933, 61.10460401838004, 66.24020181998378, 45.96360032435354, 31.75511307324984, 68.40255878908009, 76.07892602937201, 64.19046760969456, 59.47382647085323, 59.95585187854762, 81.49382827281737, 61.26678079106226, 90.27389854941886, 81.59293630056762, 66.35282457879089, 65.28065591494729, 77.25921254167042, 68.80349581043336, 68.289936030273, 17.15019371114515, 93.18407063699432, 70.99738715199567, 76.06090638796287, 82.91737994413911, 89.14316605099557, 64.74006667267321, 70.60545995134697, 73.44355347328589, 75.32210109018831, 61.320839715289665, 77.6871790251374, 75.2410127038472, 80.29552211910983, 76.5023876024867, 81.91278493557978, 66.33480493738175, 71.60555004955401, 72.3128209748626, 86.46274439138662, 74.64185962699342, 64.80313541760519, 68.01964140913596, 73.5201369492747, 80.07027660149562, 92.89125146409587, 88.78277322281286, 81.9623389494549, 85.68789981079377, 61.57311469501757, 63.62284890530678, 41.828092620956845, 54.69411658707992, 80.3856203261555, 61.64519326065411, 94.60762230831607, 65.8707991710965, 41.64789620686548, 67.39345887016849, 66.03297594377871, 66.30777547526804]","[nan, nan, nan, nan, nan, nan, nan, nan, nan, nan, nan, nan, nan, nan, nan, nan, nan, nan, nan, nan, nan, nan, nan, nan, nan, nan, nan, nan, nan, nan, nan, nan, nan, nan, nan, nan, nan, nan, nan, nan, nan, nan, nan, nan, nan, nan, nan, nan, nan, nan, nan, nan, nan, nan, nan, nan, nan, nan, nan, nan, nan, nan, nan, nan, nan, nan, nan, nan, nan, nan, nan, nan, nan, nan, nan, nan, nan, nan, nan, nan, nan, nan, nan, nan, nan, nan, nan, nan, nan, nan, nan, nan, nan, nan, nan, nan, nan, nan, nan, nan]",84.64021420478821,0.0,661.828125,161
Sensor,HoeffdingTree,STEPD,62.157182416637866,,"[90.83250743310208, 67.03757095233804, 58.26200558608884, 87.57545724840075, 81.02982250653213, 50.18470132444365, 65.32120010811785, 90.31444274258942, 80.53428236778089, 56.86097846652851, 58.39715289665735, 81.26858275520317, 73.5516713217407, 56.31588431390215, 60.24867105144608, 77.268222362375, 69.4116587079917, 55.414902243445354, 57.27543021893864, 63.72646184340932, 53.94179655824849, 68.44760789260293, 54.80673934588701, 76.17352914676998, 71.51545184250834, 60.85232903865213, 56.248310658617896, 73.25434723848996, 77.95747364627445, 54.85629335976214, 52.441661410937925, 78.57915127488963, 82.71015406793406, 58.95125686998829, 52.54527434904045, 78.96206865483377, 84.75538336787099, 64.64546355527526, 56.46004144517525, 61.041535273448055, 84.64276060906388, 57.34750878457518, 62.20380214433733, 56.095143706640236, 81.21001892062348, 61.62717361924498, 65.49238670150463, 57.41508243985945, 75.13289485539238, 55.45544643661591, 54.71664113884134, 46.679881070366704, 73.96161816379853, 65.1680331561402, 49.05847373637265, 50.810883863411114, 77.30876655554555, 60.19911703757095, 63.92017298855753, 60.82079466618614, 81.68753941796558, 55.851878547616906, 65.26263627353815, 64.97432201099198, 81.24605820344175, 53.78412469591856, 65.6996125777097, 56.61320839715289, 67.12766915938373, 42.01729885575277, 75.9708081809172, 56.22578610685648, 63.4786917740337, 65.24011172177674, 73.25885214884224, 59.09090909090909, 52.34255338318767, 71.36678980088296, 62.39751328948554, 40.20181998378232, 48.657536715019376, 60.87935850076583, 71.73619244977026, 54.40580232453374, 62.9696369042256, 78.2502928191729, 65.34822957023155, 58.81610955941977, 37.34570682043427, 35.62483106586179, 34.04811244256239, 34.05712226326696, 44.873412019100826, 44.37787188034958, 72.61464996846563, 42.26506892512839, 30.755022975042795, 33.678709793675104, 44.977024957203355, 46.95017569150374]","[nan, nan, nan, nan, nan, nan, nan, nan, nan, nan, nan, nan, nan, nan, nan, nan, nan, nan, nan, nan, nan, nan, nan, nan, nan, nan, nan, nan, nan, nan, nan, nan, nan, nan, nan, nan, nan, nan, nan, nan, nan, nan, nan, nan, nan, nan, nan, nan, nan, nan, nan, nan, nan, nan, nan, nan, nan, nan, nan, nan, nan, nan, nan, nan, nan, nan, nan, nan, nan, nan, nan, nan, nan, nan, nan, nan, nan, nan, nan, nan, nan, nan, nan, nan, nan, nan, nan, nan, nan, nan, nan, nan, nan, nan, nan, nan, nan, nan, nan, nan]",79.2894856929779,0.9,758.05078125,0
Sensor,HoeffdingTree,None,62.157182416637866,,"[90.83250743310208, 67.03757095233804, 58.26200558608884, 87.57545724840075, 81.02982250653213, 50.18470132444365, 65.32120010811785, 90.31444274258942, 80.53428236778089, 56.86097846652851, 58.39715289665735, 81.26858275520317, 73.5516713217407, 56.31588431390215, 60.24867105144608, 77.268222362375, 69.4116587079917, 55.414902243445354, 57.27543021893864, 63.72646184340932, 53.94179655824849, 68.44760789260293, 54.80673934588701, 76.17352914676998, 71.51545184250834, 60.85232903865213, 56.248310658617896, 73.25434723848996, 77.95747364627445, 54.85629335976214, 52.441661410937925, 78.57915127488963, 82.71015406793406, 58.95125686998829, 52.54527434904045, 78.96206865483377, 84.75538336787099, 64.64546355527526, 56.46004144517525, 61.041535273448055, 84.64276060906388, 57.34750878457518, 62.20380214433733, 56.095143706640236, 81.21001892062348, 61.62717361924498, 65.49238670150463, 57.41508243985945, 75.13289485539238, 55.45544643661591, 54.71664113884134, 46.679881070366704, 73.96161816379853, 65.1680331561402, 49.05847373637265, 50.810883863411114, 77.30876655554555, 60.19911703757095, 63.92017298855753, 60.82079466618614, 81.68753941796558, 55.851878547616906, 65.26263627353815, 64.97432201099198, 81.24605820344175, 53.78412469591856, 65.6996125777097, 56.61320839715289, 67.12766915938373, 42.01729885575277, 75.9708081809172, 56.22578610685648, 63.4786917740337, 65.24011172177674, 73.25885214884224, 59.09090909090909, 52.34255338318767, 71.36678980088296, 62.39751328948554, 40.20181998378232, 48.657536715019376, 60.87935850076583, 71.73619244977026, 54.40580232453374, 62.9696369042256, 78.2502928191729, 65.34822957023155, 58.81610955941977, 37.34570682043427, 35.62483106586179, 34.04811244256239, 34.05712226326696, 44.873412019100826, 44.37787188034958, 72.61464996846563, 42.26506892512839, 30.755022975042795, 33.678709793675104, 44.977024957203355, 46.95017569150374]","[nan, nan, nan, nan, nan, nan, nan, nan, nan, nan, nan, nan, nan, nan, nan, nan, nan, nan, nan, nan, nan, nan, nan, nan, nan, nan, nan, nan, nan, nan, nan, nan, nan, nan, nan, nan, nan, nan, nan, nan, nan, nan, nan, nan, nan, nan, nan, nan, nan, nan, nan, nan, nan, nan, nan, nan, nan, nan, nan, nan, nan, nan, nan, nan, nan, nan, nan, nan, nan, nan, nan, nan, nan, nan, nan, nan, nan, nan, nan, nan, nan, nan, nan, nan, nan, nan, nan, nan, nan, nan, nan, nan, nan, nan, nan, nan, nan, nan, nan, nan]",76.370197057724,0.9,660.05078125,0
